,"{'max_depth': 3, 'reg_alpha': 0}","{'max_depth': 3, 'reg_alpha': 0.5}","{'max_depth': 3, 'reg_alpha': 1}","{'max_depth': 3, 'reg_alpha': 2}","{'max_depth': 3, 'reg_alpha': 5}","{'max_depth': 6, 'reg_alpha': 0}","{'max_depth': 6, 'reg_alpha': 0.5}","{'max_depth': 6, 'reg_alpha': 1}","{'max_depth': 6, 'reg_alpha': 2}","{'max_depth': 6, 'reg_alpha': 5}","{'max_depth': 9, 'reg_alpha': 0}","{'max_depth': 9, 'reg_alpha': 0.5}","{'max_depth': 9, 'reg_alpha': 1}","{'max_depth': 9, 'reg_alpha': 2}","{'max_depth': 9, 'reg_alpha': 5}"
artificial.1,0.0016064754696821031,0.00122933261291801,0.0011813039315383956,0.0014561815424568158,0.0017642116952933298,0.0015034774778058299,0.0012302807400388243,0.0011822530497150882,0.001456182012034117,0.0017642075036991178,0.0015034774778058299,0.0012302807400388243,0.0011822530497150882,0.001456182012034117,0.0017642075036991178
artificial.2,0.003061893961701479,0.0026944069592715796,0.0026653686162764977,0.0029533611333378094,0.0015558188074594,0.003135443271389981,0.0026695162839368617,0.0026675823943736582,0.0029527694586755533,0.0015558224935060697,0.003135443271389981,0.0026695162839368617,0.0026675823943736582,0.0029527694586755533,0.0015558224935060697
artificial.3,0.15324743752721448,0.1495853783264302,0.14638850747610294,0.14523761093816148,0.15135533365254808,0.15328221458115032,0.14953749227053664,0.14633006838914428,0.14520773757447916,0.15145679575950907,0.15328221458115032,0.14953749227053664,0.14633006838914428,0.14520773757447916,0.15145679575950907
artificial.4,0.008290042430975196,0.00812051547621694,0.008084471078550138,0.006774786313693722,0.0030029820098908663,0.0082525670454992,0.008202062269675174,0.00823432969388193,0.006748167587342932,0.0030029820098908663,0.0082525670454992,0.008202062269675174,0.00823432969388193,0.006748167587342932,0.0030029820098908663
artificial.5,0.0006664123738165261,0.00048641301927727156,0.0004563691496732576,0.0007436948750512882,0.0003012073546191792,0.0005442291116944129,0.00048726038230371537,0.0004563693913842944,0.0007436921001169664,0.0003012073546191792,0.0005442291116944129,0.00048726038230371537,0.0004563693913842944,0.0007436921001169664,0.0003012073546191792
artificial.6,0.0036023974994958304,0.003468892149371709,0.0036962189600035053,0.0034748205792587733,0.0008311952015586856,0.0035807606274128627,0.0034697434280826995,0.00368082970982937,0.0034742348722036397,0.0007979455072953269,0.0035807606274128627,0.0034697434280826995,0.00368082970982937,0.0034742348722036397,0.0007979455072953269
artificial.7,0.005363236019712009,0.004652531322138287,0.004682857125091829,0.00437977940404993,0.0010799884701688074,0.005332442676939433,0.004660193653511172,0.004684834618079354,0.004379780676476607,0.0010799948133245064,0.005332442676939433,0.004660193653511172,0.004684834618079354,0.004379780676476607,0.0010799948133245064
artificial.8,0.007242322308637698,0.0059176121144757735,0.005833813349768484,0.005991360585756371,0.0057734363558596445,0.007030771044575157,0.0059508719724215425,0.005836293385228069,0.0059913595131220925,0.005773425157228453,0.007030771044575157,0.0059508719724215425,0.005836293385228069,0.0059913595131220925,0.005773425157228453
artificial.9,0.008237976238033573,0.007714431504110417,0.007599474987887559,0.007837616100929425,0.0069897410434776,0.008206408772505941,0.007755758815534011,0.007579474516451253,0.007852194582191104,0.007040720509387559,0.008206408772505941,0.007755758815534011,0.007579474516451253,0.007852194582191104,0.007040720509387559
artificial.10,0.004880716075031022,0.00362292582863811,0.003264397164644416,0.0034903444284387847,0.003464716220216474,0.004844410002953591,0.003630478659943714,0.003272028081333896,0.003489355138574305,0.0035009381682164268,0.004844410002953591,0.003630478659943714,0.003272028081333896,0.003489355138574305,0.0035009381682164268
artificial.11,0.05440072952095366,0.04941245911161968,0.04666071314971151,0.045156054019984036,0.055852131576713086,0.054747350270437936,0.04944132350976513,0.04671633158317891,0.045148702432592905,0.0558520234630556,0.054747350270437936,0.04944132350976513,0.04671633158317891,0.045148702432592905,0.0558520234630556
artificial.12,0.002614151723102185,0.0024898110522670472,0.002371178471625781,0.002426735753592515,0.0014952669460930484,0.0025173717274305056,0.002461300977199333,0.0023562836500836,0.0024267287565219254,0.0014952638683887107,0.0025173717274305056,0.002461300977199333,0.0023562836500836,0.0024267287565219254,0.0014952638683887107
artificial.13,0.004675148536679107,0.003845599086570179,0.004090289526621803,0.004230363262034813,0.002775754789146941,0.0046534948603322345,0.0038366856475100753,0.004140205089169874,0.004230379862662711,0.002775753425107455,0.0046534948603322345,0.0038366856475100753,0.004140205089169874,0.004230379862662711,0.002775753425107455
artificial.14,0.002035510840943565,0.0016257688727244774,0.001751201458767168,0.0020728144864438176,0.002620907202240206,0.0020334747285123277,0.0016257787890192965,0.0017509877162297986,0.002072815226478176,0.0027216445936106134,0.0020334747285123277,0.0016257787890192965,0.0017509877162297986,0.002072815226478176,0.0027216445936106134
artificial.15,0.002311398815502074,0.00201747291715312,0.0019239411335277342,0.0022229217036071917,0.0005720556130133472,0.0022908009074299597,0.002010396671689256,0.0019232054253468084,0.002222914969765759,0.0005720552362599922,0.0022908009074299597,0.002010396671689256,0.0019232054253468084,0.002222914969765759,0.0005720552362599922
artificial.16,0.012608000723637922,0.010928097880377206,0.010647129363482976,0.010761870300985386,0.009808904654422619,0.012725117840810964,0.010910132359022997,0.010698235256161379,0.010761866611735116,0.00976311135405712,0.012725117840810964,0.010910132359022997,0.010698235256161379,0.010761866611735116,0.00976311135405712
artificial.17,0.009144525395481764,0.0074675015538508,0.0075732463693915725,0.00725628493739731,0.008993497635479863,0.009074229778226698,0.007472907620517019,0.007645920749278473,0.007256275882007378,0.008976834005133673,0.009074229778226698,0.007472907620517019,0.007645920749278473,0.007256275882007378,0.008976834005133673
artificial.18,0.0,0.0,0.0,0.0,0.0,0.0,0.0,0.0,0.0,0.0,0.0,0.0,0.0,0.0,0.0
artificial.19,0.011182897337593117,0.010386323759513864,0.009986410781275943,0.009600198270852353,0.008318513818118324,0.011127166921058565,0.010429592486568596,0.010056332267865575,0.009600178455522032,0.008283408067226104,0.011127166921058565,0.010429592486568596,0.010056332267865575,0.009600178455522032,0.008283408067226104
artificial.20,0.02874852408541364,0.02442970115306845,0.02195136655934353,0.020340848088420738,0.030150749664273904,0.028596474003475963,0.024427956478535705,0.021961485325470938,0.02034085293133443,0.030109706599990828,0.028596474003475963,0.024427956478535705,0.021961485325470938,0.02034085293133443,0.030109706599990828
artificial.21,0.041320326309957085,0.04026413037971468,0.04048118130494324,0.04054608547221806,0.030355356690202413,0.041407048474548194,0.04029093630335831,0.04045051078449686,0.04054387775484314,0.030355339553866906,0.041407048474548194,0.04029093630335831,0.04045051078449686,0.04054387775484314,0.030355339553866906
artificial.22,0.014464171760736487,0.011949357971315555,0.010617010385192643,0.01102205191122612,0.013992142135697577,0.01456296966422955,0.011933200478977463,0.010601091762756084,0.011007894331466157,0.014030425195052836,0.01456296966422955,0.011933200478977463,0.010601091762756084,0.011007894331466157,0.014030425195052836
artificial.23,0.009496278036892958,0.009046869794699042,0.009010127111793395,0.009000067759761692,0.0069645563848401365,0.009367862685794568,0.009054924350798901,0.009016093435958682,0.008999894617897611,0.006964556268665658,0.009367862685794568,0.009054924350798901,0.009016093435958682,0.008999894617897611,0.006964556268665658
artificial.24,0.017461304621353556,0.015878510159911204,0.015473285378729435,0.015290228049591714,0.014677142000082362,0.01735018877855945,0.015878161428950766,0.015462402171772137,0.015313736059810183,0.014677129874098385,0.01735018877855945,0.015878161428950766,0.015462402171772137,0.015313736059810183,0.014677129874098385
artificial.25,0.007985027834909812,0.008153828139019981,0.008549603672608234,0.008307808689081866,0.0017764570422715545,0.008046990875258777,0.008128248878273335,0.00859888969938682,0.008307718942126317,0.0017764585736180733,0.008046990875258777,0.008128248878273335,0.00859888969938682,0.008307718942126317,0.0017764585736180733
artificial.26,0.01242590136395982,0.010842694265718739,0.009876310161014852,0.00977867122197397,0.012167021037148324,0.012372868957414972,0.010854750180367518,0.009885947728071895,0.009742112078693662,0.012131030924136563,0.012372868957414972,0.010854750180367518,0.009885947728071895,0.009742112078693662,0.012131030924136563
artificial.27,0.0056342210362105285,0.005715862812226372,0.005925375070863798,0.006264989666102387,0.0008247747133021993,0.005602898844120134,0.005700967163730608,0.0059218033806214656,0.006264985864725176,0.0008247743036329477,0.005602898844120134,0.005700967163730608,0.0059218033806214656,0.006264985864725176,0.0008247743036329477
artificial.28,6.21378117554286e-05,5.823322517946578e-05,5.6358011151920246e-05,5.6747696770562855e-05,0.00014920292205025543,6.21378117554286e-05,5.823322517946578e-05,5.6358011151920246e-05,5.6747696770562855e-05,0.00014920292205025543,6.21378117554286e-05,5.823322517946578e-05,5.6358011151920246e-05,5.6747696770562855e-05,0.00014920292205025543
artificial.29,0.006551610197435813,0.006862342194911631,0.006876487158051266,0.00621840630468944,0.0018789744057020367,0.006437572699191642,0.006819413987780165,0.006915069673176003,0.006216957104927856,0.0018789734945619044,0.006437572699191642,0.006819413987780165,0.006915069673176003,0.006216957104927856,0.0018789734945619044
artificial.30,0.00610584081258244,0.005693228172261598,0.006224846094148115,0.006382160132664688,0.0009912307321828999,0.0060424261944267655,0.0056815030909510966,0.006200199893019173,0.0063806771651146055,0.0009912342411848866,0.0060424261944267655,0.0056815030909510966,0.006200199893019173,0.0063806771651146055,0.0009912342411848866
artificial.31,0.01768511343226807,0.016368235678531653,0.01619281716803053,0.017790760046747796,0.015722845874212674,0.017779630296840727,0.016287357589955122,0.0161956026948757,0.017789642293528873,0.01572289315939221,0.017779630296840727,0.016287357589955122,0.0161956026948757,0.017789642293528873,0.01572289315939221
artificial.32,0.254745047020271,0.26707975880441726,0.2747910980415076,0.2670035356439352,0.16114867281904122,0.25424634705217364,0.2672891005085709,0.27466223753788455,0.26698347372782577,0.1611487133679328,0.25424634705217364,0.2672891005085709,0.27466223753788455,0.26698347372782577,0.1611487133679328
artificial.33,0.07205189529764996,0.07160526982597709,0.07206939454617936,0.07107515833436989,0.059178198781694266,0.07178396546303892,0.07170980940201756,0.07210356404521821,0.0710747824348115,0.05908816854079874,0.07178396546303892,0.07170980940201756,0.07210356404521821,0.0710747824348115,0.05908816854079874
artificial.34,0.01715255141320974,0.017463335609152742,0.01831345636650729,0.01741589654916689,0.0037440392607275743,0.01697003241630704,0.017353636164593234,0.018373927774020464,0.017409878379582272,0.003744060942411382,0.01697003241630704,0.017353636164593234,0.018373927774020464,0.017409878379582272,0.003744060942411382
artificial.35,0.0,0.0,0.0,1.842454486019556e-05,0.0,0.0,0.0,0.0,1.842454486019556e-05,0.0,0.0,0.0,0.0,1.842454486019556e-05,0.0
artificial.36,0.0008266526569866926,0.0008597809450113424,0.0008260105352961681,0.0009463283613750001,0.0014575205651774536,0.0008266806760994818,0.0008597809450113424,0.0008260105352961681,0.0009463271297152678,0.0014575205651774536,0.0008266806760994818,0.0008597809450113424,0.0008260105352961681,0.0009463271297152678,0.0014575205651774536
artificial.37,0.02762944572467225,0.02895977004007341,0.030188669572102367,0.03092317489635592,0.016689769227636226,0.0275780838034923,0.028942266508608573,0.030120264141594452,0.030922936379426245,0.016647833006156864,0.0275780838034923,0.028942266508608573,0.030120264141594452,0.030922936379426245,0.016647833006156864
artificial.38,0.009658561093568666,0.009137396940599356,0.009102373404843263,0.008797161327900564,0.006513540972631942,0.009511871891985,0.009124345558798045,0.00907517594042591,0.00879675064470555,0.006513554846152039,0.009511871891985,0.009124345558798045,0.00907517594042591,0.00879675064470555,0.006513554846152039
artificial.39,0.03785006748101004,0.03247062055678583,0.031220282070260456,0.030155476558552555,0.03372592530462788,0.03776169903753968,0.0324241064214336,0.031215461837566683,0.03021579333810956,0.03372588277904877,0.03776169903753968,0.0324241064214336,0.031215461837566683,0.03021579333810956,0.03372588277904877
artificial.40,0.0038513975280570338,0.0024502230302962864,0.0021147358784647757,0.001912627093758214,0.0020947059228455826,0.003983478143963608,0.0024509928437997804,0.002079067132983797,0.0019126269125398492,0.002094704789164217,0.003983478143963608,0.0024509928437997804,0.002079067132983797,0.0019126269125398492,0.002094704789164217
artificial.41,0.00327409265101334,0.002503773978982359,0.002183457968089796,0.002491928388242842,0.0019104064509772507,0.0033154320755974563,0.0025213834136967287,0.0022445972162474554,0.0024919335024933906,0.001910407367201197,0.0033154320755974563,0.0025213834136967287,0.0022445972162474554,0.0024919335024933906,0.001910407367201197
artificial.42,0.0008125402948354099,0.0003834973242239148,0.0004600388812436712,0.00044137679912469615,0.0005611362898737678,0.0008773285993627676,0.0003834973242239148,0.0004600388812436712,0.00044137679912469615,0.0005611368465683446,0.0008773285993627676,0.0003834973242239148,0.0004600388812436712,0.00044137679912469615,0.0005611368465683446
artificial.43,0.03184453192466075,0.026231251834927406,0.025001730094180153,0.024213767936917218,0.03321794402745066,0.031923965027465286,0.026205785307018642,0.024990639662591515,0.024213772414419674,0.03321569413462931,0.031923965027465286,0.026205785307018642,0.024990639662591515,0.024213772414419674,0.03321569413462931
artificial.44,0.0338290946842432,0.030443042590311532,0.029465917785454633,0.02975451410533507,0.034152918801120126,0.033873715695643875,0.030445645805665566,0.029459072977675478,0.02970192454442052,0.03418708777073723,0.033873715695643875,0.030445645805665566,0.029459072977675478,0.02970192454442052,0.03418708777073723
artificial.45,0.003282090305192922,0.003291293477199636,0.0033099115587188277,0.0035213125081210777,0.00038499552905747286,0.003287647325558445,0.0032600481668278282,0.003317910540978169,0.0035211159768208777,0.00038499552905747286,0.003287647325558445,0.0032600481668278282,0.003317910540978169,0.0035211159768208777,0.00038499552905747286
artificial.46,0.0005706841385478839,0.00033309721871725104,0.00026543888465723777,0.0004009602307549742,0.0004417984318027924,0.00048036486683221565,0.00033310629055666516,0.00026543888465723777,0.0004009613357572322,0.0004417984318027924,0.00048036486683221565,0.00033310629055666516,0.00026543888465723777,0.0004009613357572322,0.0004417984318027924
artificial.47,0.007872352353637306,0.006391127863089234,0.006231451439169425,0.00668539574493675,0.008234347258017362,0.007781428098284319,0.0064539708511872065,0.0062488043466031665,0.006685397705964945,0.008234342810409887,0.007781428098284319,0.0064539708511872065,0.0062488043466031665,0.006685397705964945,0.008234342810409887
artificial.48,0.016692009618000925,0.014389670401631334,0.014819154589490617,0.01449165268181769,0.008727386095219076,0.01665598889707739,0.01440916790119616,0.014855538075874256,0.014491367574826771,0.008727393227248427,0.01665598889707739,0.01440916790119616,0.014855538075874256,0.014491367574826771,0.008727393227248427
artificial.49,0.0091562150592372,0.008848423837680258,0.008816890224839852,0.008110094971447872,0.003192768839131807,0.009170054868159454,0.008871517303218881,0.008832029973293527,0.008089244374631552,0.0031927683883247256,0.009170054868159454,0.008871517303218881,0.008832029973293527,0.008089244374631552,0.0031927683883247256
artificial.50,0.01245612068577811,0.011373111958676293,0.011633640239583899,0.010911967307512593,0.005495472013307493,0.012357210634186606,0.011378628716065702,0.011647872806496627,0.010911970846659283,0.0054954611714220294,0.012357210634186606,0.011378628716065702,0.011647872806496627,0.010911970846659283,0.0054954611714220294
artificial.51,0.018091693335409054,0.017475738387803533,0.017449578703021267,0.01688504274571769,0.0067051715637616895,0.01812138948413484,0.017477946800621428,0.017467952250263742,0.01688474353743622,0.006705241318956854,0.01812138948413484,0.017477946800621428,0.017467952250263742,0.01688474353743622,0.006705241318956854
artificial.52,0.169383508565318,0.16864713706804615,0.16623992344894367,0.16552626342889182,0.15059509731307832,0.16953476221632469,0.16858282589966775,0.16620148733222037,0.1655136877167702,0.15059714414280823,0.16953476221632469,0.16858282589966775,0.16620148733222037,0.1655136877167702,0.15059714414280823
artificial.53,0.013672867197393213,0.012719247638523126,0.013036341887807428,0.012674310782134095,0.01065176043741655,0.013662621056006198,0.012769205153269144,0.013011164930267926,0.012698809355932648,0.010651773491342914,0.013662621056006198,0.012769205153269144,0.013011164930267926,0.012698809355932648,0.010651773491342914
artificial.54,0.00968557946808677,0.00853496799669468,0.00843304022421808,0.0077371629650014795,0.004400181366739482,0.009719671503460809,0.008491114171105511,0.008454442660010261,0.00773716468307211,0.00440019385098979,0.009719671503460809,0.008491114171105511,0.008454442660010261,0.00773716468307211,0.00440019385098979
artificial.55,0.029783457526562054,0.030496308856264868,0.030648143823302276,0.030069356558845198,0.017329959907640257,0.029956698190976294,0.03041365697551218,0.03067093922818895,0.030069049446517043,0.017329953259366305,0.029956698190976294,0.03041365697551218,0.03067093922818895,0.030069049446517043,0.017329953259366305
artificial.56,0.006788526199912387,0.00604741529401207,0.0062316755134139154,0.006220719777612044,0.001634181664436263,0.006831580581741777,0.006042756551764113,0.006180787161806085,0.006246616813926766,0.0016341777525340486,0.006831580581741777,0.006042756551764113,0.006180787161806085,0.006246616813926766,0.0016341777525340486
artificial.57,0.03308323354316264,0.031032810110677,0.030784229337254426,0.030625044906197225,0.032581127395900515,0.033003054548206075,0.031019818522707313,0.030886486054576324,0.030622075991499034,0.03263602207226865,0.033003054548206075,0.031019818522707313,0.030886486054576324,0.030622075991499034,0.03263602207226865
artificial.58,0.019371214088761884,0.01723229206494691,0.016998414287143406,0.01672511279656172,0.012530722520038378,0.01945412023524471,0.017178318888482348,0.016892431534464847,0.016747440558968058,0.012495125275466628,0.01945412023524471,0.017178318888482348,0.016892431534464847,0.016747440558968058,0.012495125275466628
artificial.59,0.033578189925397,0.02955971717536908,0.029337388673073887,0.029667193338632145,0.028493405490873234,0.033948107769699046,0.02960284428263978,0.02938611789555508,0.029661908466582048,0.02845760057343415,0.033948107769699046,0.02960284428263978,0.02938611789555508,0.029661908466582048,0.02845760057343415
artificial.60,0.06438073796349289,0.06127059316386333,0.06027414020909127,0.059081798207773456,0.059191257568747,0.0643973481063238,0.061361515027203946,0.06023353569311192,0.05908089089234009,0.05919125959985556,0.0643973481063238,0.061361515027203946,0.06023353569311192,0.05908089089234009,0.05919125959985556
artificial.61,0.008786654510540691,0.009417249977863446,0.009819253779697517,0.008860582262326874,0.0017482566885241274,0.00884448942365064,0.009433935226474581,0.009847150512711032,0.008859712649434552,0.0017482559989101983,0.00884448942365064,0.009433935226474581,0.009847150512711032,0.008859712649434552,0.0017482559989101983
artificial.62,0.01144584800657035,0.012088691237404529,0.012649940797846357,0.012706127599252454,0.003420579043739835,0.011382334699130622,0.012142790320732517,0.012619948036493397,0.012720631869333969,0.0034205774261190647,0.011382334699130622,0.012142790320732517,0.012619948036493397,0.012720631869333969,0.0034205774261190647
artificial.63,0.011503292622321325,0.010061917713387386,0.009703028578107654,0.009159142821681081,0.007153246288675049,0.011465410555724507,0.010056591129574735,0.009700511320326285,0.00915914992149323,0.00715322583876247,0.011465410555724507,0.010056591129574735,0.009700511320326285,0.00915914992149323,0.00715322583876247
artificial.64,0.012385558795474517,0.013006987866975107,0.013521199449553836,0.013536687874483592,0.0049296689518727255,0.012335500354248475,0.013020283683264428,0.013543315112322353,0.01355545409450599,0.004929668179706057,0.012335500354248475,0.013020283683264428,0.013543315112322353,0.01355545409450599,0.004929668179706057
artificial.65,0.007687973532148485,0.007129738704010048,0.006467460607158893,0.006276852520153949,0.003213669033951663,0.00766808379231178,0.007116715730897515,0.006478769308875667,0.006276560555873229,0.003213669368797886,0.00766808379231178,0.007116715730897515,0.006478769308875667,0.006276560555873229,0.003213669368797886
artificial.66,0.004434106605195974,0.004642133050851884,0.004473487796230022,0.003938933812198893,0.0006694718682064347,0.004502672437610995,0.0046445273223825155,0.004505023624515692,0.003938950547006779,0.0006694768133325918,0.004502672437610995,0.0046445273223825155,0.004505023624515692,0.003938950547006779,0.0006694768133325918
artificial.67,0.010172536228914624,0.008652542546542605,0.008951330157344766,0.00929550803010451,0.0065557187392035945,0.010210669257964754,0.008663431882085631,0.008966161020932197,0.009300212818773872,0.006555722986503174,0.010210669257964754,0.008663431882085631,0.008966161020932197,0.009300212818773872,0.006555722986503174
artificial.68,0.006144363549624747,0.005005921583521022,0.0048624302101634214,0.0046299500883205625,0.0019936172399614032,0.006193103186628429,0.005036857831541199,0.004831369810664808,0.0046291957265040245,0.0019936181188994376,0.006193103186628429,0.005036857831541199,0.004831369810664808,0.0046291957265040245,0.0019936181188994376
artificial.69,0.01977597666970867,0.018786302680834335,0.01853881809004235,0.018433996314488426,0.013437927530565675,0.019818012007917756,0.018837635752004592,0.018525782253900096,0.018433979256005,0.01340756054388173,0.019818012007917756,0.018837635752004592,0.018525782253900096,0.018433979256005,0.01340756054388173
artificial.70,0.009572882091889496,0.008242970180075476,0.007822726518442144,0.007980618212805738,0.007832016272935536,0.009600082510605894,0.008247379826993756,0.007839239583548067,0.007980670423182557,0.007831977445066137,0.009600082510605894,0.008247379826993756,0.007839239583548067,0.007980670423182557,0.007831977445066137
artificial.71,0.010554965591678926,0.009347297804313393,0.009621670680107507,0.009505283786753463,0.007564624723461741,0.010475216832895663,0.009399474666365724,0.009608327521022407,0.009504798202159137,0.007564649392539822,0.010475216832895663,0.009399474666365724,0.009608327521022407,0.009504798202159137,0.007564649392539822
artificial.72,0.01322486161772302,0.011146489210223893,0.00962664827912969,0.010296921012202368,0.010463789772943358,0.01324057844938173,0.011210369166794035,0.009604740546331337,0.010296737068909175,0.010388614931311189,0.01324057844938173,0.011210369166794035,0.009604740546331337,0.010296737068909175,0.010388614931311189
artificial.73,0.009729166189454668,0.007945274113231648,0.007334608799529637,0.007598686760757309,0.010317077152097669,0.009817730855385782,0.007975200262643084,0.00736596598328437,0.007598691246721569,0.01031705140430748,0.009817730855385782,0.007975200262643084,0.00736596598328437,0.007598691246721569,0.01031705140430748
artificial.74,0.03914851177647212,0.03545210307341944,0.03539743011690305,0.03337170131278159,0.03552570666607175,0.038997885312964144,0.0354064771338117,0.035374928090254894,0.0333711866823696,0.035569038889526165,0.038997885312964144,0.0354064771338117,0.035374928090254894,0.0333711866823696,0.035569038889526165
artificial.75,0.006282915552682034,0.006427250544896251,0.006685379793861732,0.006521241816827903,0.0027431030676100692,0.006299644089783096,0.00644427911149347,0.006698259970366604,0.006520988504891879,0.002743102775387982,0.006299644089783096,0.00644427911149347,0.006698259970366604,0.006520988504891879,0.002743102775387982
artificial.76,0.008554446453505223,0.0059257002731643495,0.006140399788338036,0.005717805031902866,0.0037759459343626985,0.008720451246159536,0.005921222716170887,0.006171727014353831,0.005717803348810079,0.003775946241259655,0.008720451246159536,0.005921222716170887,0.006171727014353831,0.005717803348810079,0.003775946241259655
artificial.77,0.005991860080177491,0.005588734036218064,0.0059374776003913955,0.00554556389939056,0.004397841388882155,0.00600969593470151,0.005579252605158907,0.005922232389458736,0.005543921583067503,0.004423179620999088,0.00600969593470151,0.005579252605158907,0.005922232389458736,0.005543921583067503,0.004423179620999088
artificial.78,0.005324717317052293,0.005028227480636571,0.004728168268165912,0.004805474891246663,0.0007119031915854169,0.005327266757164187,0.005001339096820522,0.004716954638451956,0.004823572818948332,0.0007118950539491936,0.005327266757164187,0.005001339096820522,0.004716954638451956,0.004823572818948332,0.0007118950539491936
artificial.79,0.014401507841132548,0.014702244527411958,0.015659568817093725,0.014038676026967952,0.004023922389520922,0.014383839543375248,0.0147319101282414,0.015542823072593288,0.014046137759519598,0.004023896630756216,0.014383839543375248,0.0147319101282414,0.015542823072593288,0.014046137759519598,0.004023896630756216
artificial.80,0.04588886711830033,0.04282677517038271,0.04096299424632652,0.04220134466144199,0.05027803948866006,0.04579153971682715,0.04288981852440651,0.04095554615347875,0.04217269747501222,0.05027967438952881,0.04579153971682715,0.04288981852440651,0.04095554615347875,0.04217269747501222,0.05027967438952881
artificial.81,0.0063792248198019435,0.006523629209802626,0.006770987000125758,0.006880243415046179,0.004790720069611575,0.0064166738750071626,0.006525310789060127,0.006743259776344638,0.0068885777788296595,0.00479070665965131,0.0064166738750071626,0.006525310789060127,0.006743259776344638,0.0068885777788296595,0.00479070665965131
artificial.82,0.019564983810876888,0.019158929437169,0.01925652303264888,0.01820794361437479,0.011787728056848863,0.019563814184961312,0.019250741531980465,0.019313041949237546,0.01820639534534892,0.011802956496417378,0.019563814184961312,0.019250741531980465,0.019313041949237546,0.01820639534534892,0.011802956496417378
artificial.83,0.024385252172135708,0.02415786265123981,0.023636708872776486,0.023792654521374496,0.01962220347457983,0.02444003426156686,0.02426885404023111,0.023581809586269535,0.023792638773667198,0.019622200358745793,0.02444003426156686,0.02426885404023111,0.023581809586269535,0.023792638773667198,0.019622200358745793
artificial.84,0.006573659921204266,0.006655563362279968,0.006588098005294842,0.007020377634578228,0.003053032708388756,0.006495228528943396,0.006708618750146739,0.006560934895071207,0.007008700395894033,0.0030530366220055437,0.006495228528943396,0.006708618750146739,0.006560934895071207,0.007008700395894033,0.0030530366220055437
artificial.85,0.009365052964210384,0.0096740893583438,0.01009645269744314,0.00975357778789803,0.005451636176789006,0.009335961551177257,0.009635289997658922,0.010108227439554246,0.009753588222862788,0.005451617382829411,0.009335961551177257,0.009635289997658922,0.010108227439554246,0.009753588222862788,0.005451617382829411
artificial.86,0.013498796058438109,0.01135529686037972,0.011184623660729316,0.010205580406741322,0.010011526705888951,0.01348472777641559,0.011350719297271016,0.011231372809324194,0.010205611477371717,0.010011500795076537,0.01348472777641559,0.011350719297271016,0.011231372809324194,0.010205611477371717,0.010011500795076537
artificial.87,0.004170441892544732,0.0034373492243673868,0.0034528023685065105,0.0037419098777393914,0.002437894295573212,0.004232501377440151,0.003451096773401205,0.00344883730307046,0.0037413640144069683,0.0024378983567782306,0.004232501377440151,0.003451096773401205,0.00344883730307046,0.0037413640144069683,0.0024378983567782306
artificial.88,0.05340269868841024,0.04739368538922627,0.04476276535583332,0.04319410819408522,0.05292133427332514,0.0532417057929329,0.047425554742491056,0.04475935503973187,0.043193800268178484,0.05296116439325116,0.0532417057929329,0.047425554742491056,0.04475935503973187,0.043193800268178484,0.05296116439325116
artificial.89,0.0024462177532556103,0.0018889688160206647,0.0016237561231137185,0.0018242341554026594,0.0009761280818410352,0.00249344273699028,0.0019146524110217318,0.0016247473086787756,0.00182423855007021,0.001002525650710686,0.00249344273699028,0.0019146524110217318,0.0016247473086787756,0.00182423855007021,0.001002525650710686
artificial.90,0.006091848760942326,0.005326958080180368,0.005159091294217494,0.005234245023245394,0.006058413359793151,0.0061875092500329075,0.005362760892994861,0.005157172182383118,0.0052325250875455125,0.006058430496240215,0.0061875092500329075,0.005362760892994861,0.005157172182383118,0.0052325250875455125,0.006058430496240215
artificial.91,0.005602944387660137,0.0053303419326865805,0.005296527005671059,0.005268815928253491,0.0007895697860856958,0.005577071911496252,0.00534514916977055,0.005306790760251754,0.005268824903247421,0.0007895568275936696,0.005577071911496252,0.00534514916977055,0.005306790760251754,0.005268824903247421,0.0007895568275936696
artificial.92,0.008379630277791346,0.007466219587830331,0.007244891264292986,0.007336569615789138,0.007612396406429097,0.00849262626457853,0.007511772715444299,0.007283580159007072,0.007336609296396263,0.007606259121489487,0.00849262626457853,0.007511772715444299,0.007283580159007072,0.007336609296396263,0.007606259121489487
artificial.93,0.004442350652334558,0.004328534415991868,0.004402679445343149,0.004212715878433258,0.0014441016824562874,0.004357832820252149,0.004295384670922636,0.004381327480261193,0.004212729191012887,0.0014441137915195378,0.004357832820252149,0.004295384670922636,0.004381327480261193,0.004212729191012887,0.0014441137915195378
artificial.94,0.020087244191476974,0.019217013854710533,0.0191690855275733,0.01937266126712243,0.013998058156852766,0.020115620981632797,0.019278677305475663,0.01920539798836489,0.019385929857008263,0.013998026942974433,0.020115620981632797,0.019278677305475663,0.01920539798836489,0.019385929857008263,0.013998026942974433
artificial.95,0.020757658390598847,0.02008650945481394,0.01967150895568202,0.01937164890710353,0.009429823635608889,0.020876965137174668,0.020116604792260455,0.01967451979974666,0.019412853771599577,0.009429817392656777,0.020876965137174668,0.020116604792260455,0.01967451979974666,0.019412853771599577,0.009429817392656777
artificial.96,0.004604094208084774,0.0040957535471182515,0.00435106919451848,0.0043954759690806285,0.000866056620692725,0.0046364713927298145,0.004105297369595559,0.004364722258564131,0.00439483433720173,0.000866056620692725,0.0046364713927298145,0.004105297369595559,0.004364722258564131,0.00439483433720173,0.000866056620692725
artificial.97,0.017433909286037653,0.0179438942635634,0.018571909071099835,0.01757972224708831,0.006906891099404976,0.01740530101535385,0.017926410943127958,0.018496307191734677,0.01757972005230504,0.006906894261665413,0.01740530101535385,0.017926410943127958,0.018496307191734677,0.01757972005230504,0.006906894261665413
artificial.98,0.0150488687037481,0.014586354270465606,0.014142296429490666,0.013351834053799977,0.004571350069556647,0.015051866306221991,0.014453764126613257,0.01425050992754238,0.013372421265762503,0.004571347252224871,0.015051866306221991,0.014453764126613257,0.01425050992754238,0.013372421265762503,0.004571347252224871
artificial.99,0.0057622639635255355,0.005889372055510492,0.0057598393641869385,0.005796650950167576,0.0030119171942156898,0.00587997652256355,0.005909609747539399,0.005768564739898958,0.0057966427591908815,0.0030119261366950154,0.00587997652256355,0.005909609747539399,0.005768564739898958,0.0057966427591908815,0.0030119261366950154
artificial.100,0.00015821743985579973,0.0,0.0,0.0,0.0,0.00015821743985579973,0.0,0.0,0.0,0.0,0.00015821743985579973,0.0,0.0,0.0,0.0
artificial.101,1.4001596523396782e-05,0.0,0.0,0.0,0.0,1.4001596523396782e-05,0.0,0.0,0.0,0.0,1.4001596523396782e-05,0.0,0.0,0.0,0.0
artificial.102,0.023205296146448087,0.02232372358824427,0.022703492549181553,0.021968316984982292,0.01615410513232375,0.023146454809316635,0.022375434870733516,0.02268865562121896,0.021941664537754806,0.01619084623543156,0.023146454809316635,0.022375434870733516,0.02268865562121896,0.021941664537754806,0.01619084623543156
artificial.103,0.022659374904748127,0.020310309713144653,0.019955427539894353,0.01958057709052625,0.01817459243700231,0.0226312404659879,0.02030694160137238,0.020031494326855408,0.019580180988238924,0.018174595519649395,0.0226312404659879,0.02030694160137238,0.020031494326855408,0.019580180988238924,0.018174595519649395
artificial.104,0.019784417341958047,0.01898130279068848,0.019328631649159527,0.019234870549246667,0.014325938893384842,0.019701594015564528,0.0190375171402283,0.019324423226889063,0.01923396357965497,0.014301418803761816,0.019701594015564528,0.0190375171402283,0.019324423226889063,0.01923396357965497,0.014301418803761816
artificial.105,0.005406354465660392,0.004799483448095164,0.005073427217793588,0.004932360355976958,0.0035022659826372234,0.005382581162811078,0.004842545949830992,0.005068177599531789,0.004932060109804837,0.0035022657467538784,0.005382581162811078,0.004842545949830992,0.005068177599531789,0.004932060109804837,0.0035022657467538784
artificial.106,0.003445869092370579,0.0032503620040861573,0.0030880409071864547,0.0029198239997196645,0.0012585518669546757,0.0034507024640184074,0.0032835330873605653,0.003074968261510802,0.0029198227509428716,0.0012585574174996108,0.0034507024640184074,0.0032835330873605653,0.003074968261510802,0.0029198227509428716,0.0012585574174996108
artificial.107,0.02326185194707409,0.025201696087098536,0.026779433730669853,0.027459221956033883,0.010857155025369571,0.023353980423290528,0.02515528881129115,0.02683253639641421,0.027460501839206182,0.010891063524126885,0.023353980423290528,0.02515528881129115,0.02683253639641421,0.027460501839206182,0.010891063524126885
artificial.108,0.07265278735872868,0.07006776485392348,0.06852207109410276,0.06912261949404995,0.06377577227358257,0.07239410730459446,0.07023440027332786,0.06864302525792132,0.0690812664923264,0.0637980641385404,0.07239410730459446,0.07023440027332786,0.06864302525792132,0.0690812664923264,0.0637980641385404
artificial.109,0.021320085235229446,0.02054754665765843,0.020633467225567685,0.01964266185947764,0.014987613841583983,0.021235877418004128,0.020523296770242436,0.020625362880326976,0.01964118988891404,0.014987625523161968,0.021235877418004128,0.020523296770242436,0.020625362880326976,0.01964118988891404,0.014987625523161968
artificial.110,0.023576560454264896,0.022517599916592468,0.022454858313574282,0.021823993759838723,0.015700059484682564,0.023654740174306497,0.02253030053418433,0.022419146622544642,0.021803425695777694,0.01570446027544538,0.023654740174306497,0.02253030053418433,0.022419146622544642,0.021803425695777694,0.01570446027544538
artificial.111,0.11100641735630101,0.10760195381948803,0.10659737268075407,0.10497571799560529,0.10052434547980205,0.11078553670184724,0.10748035518631899,0.1065306658666703,0.10496590454238858,0.10053354140852887,0.11078553670184724,0.10748035518631899,0.1065306658666703,0.10496590454238858,0.10053354140852887
artificial.112,0.03401055880758224,0.033521909721703054,0.03352401526518232,0.0312676736593059,0.021746190489988028,0.03411323977152959,0.03350596160153003,0.03352903750527844,0.03126654952944384,0.021794166693786136,0.03411323977152959,0.03350596160153003,0.03352903750527844,0.03126654952944384,0.021794166693786136
artificial.113,0.007235806673838265,0.006428851063003012,0.006554223468230945,0.006477878233249414,0.003286028570311879,0.007208453673634157,0.0064216110928484345,0.006569483328073645,0.006477883328868636,0.003286018748371641,0.007208453673634157,0.0064216110928484345,0.006569483328073645,0.006477883328868636,0.003286018748371641
artificial.114,0.018891419202325024,0.01810840165564911,0.01830027561881332,0.01812828220456773,0.011091868743578913,0.018942477869454324,0.018066046002724684,0.018291847550915813,0.01812793157752335,0.011080676959110178,0.018942477869454324,0.018066046002724684,0.018291847550915813,0.01812793157752335,0.011080676959110178
artificial.115,0.02598342575117781,0.02446209673274238,0.024196366578105345,0.022926609774057305,0.017463542458568296,0.025936087806267095,0.024462674425324467,0.02418766772515083,0.022911261528758973,0.01746353192857033,0.025936087806267095,0.024462674425324467,0.02418766772515083,0.022911261528758973,0.01746353192857033
artificial.116,0.024712048495041123,0.02270053099546866,0.022697719613863895,0.022139230159930252,0.018598264902881086,0.024871037431687976,0.02267859480600038,0.022698128009897924,0.022139223155142607,0.018598289158423372,0.024871037431687976,0.02267859480600038,0.022698128009897924,0.022139223155142607,0.018598289158423372
artificial.117,0.027409450804400163,0.02824020604300246,0.028777751545696353,0.027827884803578284,0.012107203674987565,0.027338997833615923,0.028225623954209435,0.028833226245337695,0.027827878505705478,0.012107282202273554,0.027338997833615923,0.028225623954209435,0.028833226245337695,0.027827878505705478,0.012107282202273554
artificial.118,0.02005138683981202,0.017813000625924228,0.01793604226336148,0.017805958247694483,0.017042976256386604,0.020083527683939187,0.017833773587623888,0.01795375607118831,0.01778038362808761,0.017073302298564696,0.020083527683939187,0.017833773587623888,0.01795375607118831,0.01778038362808761,0.017073302298564696
artificial.119,0.017024210408632095,0.01875933065313466,0.020029210197703644,0.019715103620973666,0.0020242063056418232,0.017017291904597883,0.01871407359329376,0.01999899850722225,0.019712988073103777,0.002055758569395029,0.017017291904597883,0.01871407359329376,0.01999899850722225,0.019712988073103777,0.002055758569395029
artificial.120,0.003508711851502377,0.0028682796938833857,0.002667870598326111,0.002844355377140227,0.0006582944383959927,0.0034385514369165266,0.002868036342702647,0.0026668221252675608,0.0028443483649324684,0.0006190012596598381,0.0034385514369165266,0.002868036342702647,0.0026668221252675608,0.0028443483649324684,0.0006190012596598381
artificial.121,0.009665078699420926,0.008749266765600856,0.008381400688242995,0.008163192269226486,0.005395140484194967,0.009676452639563864,0.008746759961479252,0.008368251117688803,0.00816210558236006,0.0053951422654238,0.009676452639563864,0.008746759961479252,0.008368251117688803,0.00816210558236006,0.0053951422654238
artificial.122,0.009776671522760549,0.008991461953285533,0.009102875647902563,0.008261222160986282,0.005684303492383889,0.009770081547996634,0.009059190969920463,0.009093141822418048,0.008261220204292263,0.005684307072156958,0.009770081547996634,0.009059190969920463,0.009093141822418048,0.008261220204292263,0.005684307072156958
artificial.123,0.012144201577300374,0.010963854455843103,0.010970696241816217,0.011265412308879019,0.009425350057757464,0.012178416218924903,0.011003131542675315,0.010977892634393596,0.011235007430039287,0.009425337963542698,0.012178416218924903,0.011003131542675315,0.010977892634393596,0.011235007430039287,0.009425337963542698
artificial.124,0.005954386503326132,0.005600556772934748,0.005821794021032052,0.005502886482233157,0.002432209955255283,0.005929003092867338,0.005603430811974118,0.005801401359576732,0.005501296752580002,0.002470486866098385,0.005929003092867338,0.005603430811974118,0.005801401359576732,0.005501296752580002,0.002470486866098385
artificial.125,0.11759705266388452,0.109086062100998,0.10410056828983973,0.09916545495574174,0.11547426418318374,0.11774988573378185,0.10910178726178406,0.10421561489321397,0.0991205474278842,0.11547420694502243,0.11774988573378185,0.10910178726178406,0.10421561489321397,0.0991205474278842,0.11547420694502243
artificial.126,0.014018571977514955,0.012815726997685064,0.012859871253489204,0.011704392574327111,0.01166095701493891,0.014095050132519008,0.012818117638255107,0.012888677272460803,0.011704107329114212,0.011660940512451576,0.014095050132519008,0.012818117638255107,0.012888677272460803,0.011704107329114212,0.011660940512451576
artificial.127,0.07008431766773929,0.06609009862774044,0.06457460260235047,0.06543920434237807,0.06437653576140098,0.07005621245790541,0.06595823732729474,0.06454665265735826,0.06542964867471511,0.0643765257035195,0.07005621245790541,0.06595823732729474,0.06454665265735826,0.06542964867471511,0.0643765257035195
artificial.128,0.017365779146944198,0.01810054939457833,0.018874583215174406,0.017954364740680226,0.007377108593091098,0.017412468024894573,0.01814167043801001,0.018920378214587447,0.018037466888734255,0.007336240015809613,0.017412468024894573,0.01814167043801001,0.018920378214587447,0.018037466888734255,0.007336240015809613
artificial.129,0.01599037422537968,0.01333831600268782,0.012958016519197781,0.012941990029388728,0.013453909215276715,0.015974958003271946,0.0133671305411364,0.013007502459027435,0.012950966130735929,0.013453925736054511,0.015974958003271946,0.0133671305411364,0.013007502459027435,0.012950966130735929,0.013453925736054511
artificial.130,0.007372995403477949,0.006869426273203122,0.007244440503918629,0.0066809041902573104,0.0016240831157173408,0.007428929599758019,0.0069270529203146565,0.007291718040765846,0.006688419805438585,0.0016240824257504024,0.007428929599758019,0.0069270529203146565,0.007291718040765846,0.006688419805438585,0.0016240824257504024
artificial.131,0.01372566771694233,0.01168576383927844,0.01133112531043003,0.010501525498864737,0.013119372146476247,0.013635675863849442,0.01168624896672993,0.011301435968410108,0.01050148517882517,0.013119291689480481,0.013635675863849442,0.01168624896672993,0.011301435968410108,0.01050148517882517,0.013119291689480481
artificial.132,0.06386274949056205,0.058874195390149014,0.055479337976196,0.05379405586141793,0.07135799339987883,0.06411671731575544,0.05890453907076887,0.05548619591965869,0.05378984860459758,0.07137384430759253,0.06411671731575544,0.05890453907076887,0.05548619591965869,0.05378984860459758,0.07137384430759253
artificial.133,0.002841183459037214,0.0023257655751026994,0.002148148746921318,0.0018499099864602696,0.0021749435490724966,0.0028560008535699318,0.00232810631611894,0.002150370309840578,0.001849884009764501,0.0021823505624825996,0.0028560008535699318,0.00232810631611894,0.002150370309840578,0.001849884009764501,0.0021823505624825996
artificial.134,0.015773026553313828,0.013793402872442717,0.013981775449218106,0.015060919868058683,0.017268769599131435,0.016016748914852278,0.013760810404825838,0.013945850717901519,0.015060324946198227,0.01726878466829645,0.016016748914852278,0.013760810404825838,0.013945850717901519,0.015060324946198227,0.01726878466829645
artificial.135,0.004405681726122176,0.003770169289378047,0.00422229533127631,0.004037887764438581,0.0011729590423155177,0.004415744697082871,0.0037545340148912453,0.004197939696982915,0.004047139362336502,0.0011771531744569363,0.004415744697082871,0.0037545340148912453,0.004197939696982915,0.004047139362336502,0.0011771531744569363
artificial.136,0.008685925336825029,0.007454703128317735,0.007219486126343228,0.007802686154666569,0.008674474123223292,0.008685942650162332,0.00742912076680511,0.007168502195430202,0.007802179625387888,0.008674456035822885,0.008685942650162332,0.00742912076680511,0.007168502195430202,0.007802179625387888,0.008674456035822885
artificial.137,0.0017537904838787904,0.001264326914025646,0.001161140344666708,0.0011922324002209014,0.0012861237092086737,0.001742314775114605,0.001264949117513657,0.0011589462352950004,0.0011922327103318425,0.001286103532390873,0.001742314775114605,0.001264949117513657,0.0011589462352950004,0.0011922327103318425,0.001286103532390873
artificial.138,0.0020209175230938626,0.002057521900866803,0.002364948359394174,0.0021064729721396993,0.0009560364523160537,0.001959457407781832,0.002059795972122396,0.0023663477422619294,0.0021060669821522495,0.0009560371262254966,0.001959457407781832,0.002059795972122396,0.0023663477422619294,0.0021060669821522495,0.0009560371262254966
artificial.139,0.0,0.0,0.0,0.0,0.0,0.0,0.0,0.0,0.0,0.0,0.0,0.0,0.0,0.0,0.0
artificial.140,0.007216415633902046,0.006635453043381498,0.00674983053843656,0.007064385226545438,0.001970097960815139,0.0071297290613959235,0.006673027587327424,0.0067300267629528485,0.0070891438886092764,0.001970079845995791,0.0071297290613959235,0.006673027587327424,0.0067300267629528485,0.0070891438886092764,0.001970079845995791
artificial.141,0.06061258518074487,0.05730949244808352,0.05645918356492463,0.05527119348901222,0.06062567836309786,0.060666868254200985,0.057349421018798384,0.05631358317591399,0.05530839128183266,0.06059042303023228,0.060666868254200985,0.057349421018798384,0.05631358317591399,0.05530839128183266,0.06059042303023228
artificial.142,0.04488339643921224,0.04955214526542104,0.05212406700485189,0.05261021642031523,0.02421217427698305,0.044787551785315884,0.0496248581873727,0.052197032828724954,0.0525641094766812,0.02421217351777489,0.044787551785315884,0.0496248581873727,0.052197032828724954,0.0525641094766812,0.02421217351777489
artificial.143,0.008949573498657335,0.008801550107011823,0.008848215561775986,0.008026535722273392,0.004358512632260209,0.008953583660750733,0.008741851858388102,0.008856740340668858,0.008026531266035959,0.004358515498386258,0.008953583660750733,0.008741851858388102,0.008856740340668858,0.008026531266035959,0.004358515498386258
artificial.144,0.006467893714093025,0.005848094204737804,0.006104488088436401,0.005568718868199324,0.003586931110465878,0.006461919417961168,0.005875043724795034,0.0061335202482808915,0.005604658018731642,0.003586944872471582,0.006461919417961168,0.005875043724795034,0.0061335202482808915,0.005604658018731642,0.003586944872471582
artificial.145,0.01572674317168543,0.013983899957139181,0.013645872863841352,0.013847138883047881,0.016522336156269267,0.01565385307070087,0.013948329359700916,0.013738645462208465,0.013846572569528384,0.01654185348157503,0.01565385307070087,0.013948329359700916,0.013738645462208465,0.013846572569528384,0.01654185348157503
artificial.146,0.12389769774416153,0.11473900784312119,0.10723317648585509,0.10159423044805177,0.12629680332404847,0.1238291380025992,0.11486973824799397,0.10722973988445775,0.10156309263610902,0.12626118880498213,0.1238291380025992,0.11486973824799397,0.10722973988445775,0.10156309263610902,0.12626118880498213
artificial.147,0.02235034904580119,0.019210620470817747,0.018163183997856863,0.017450276322922374,0.024827088151085974,0.022439544686049098,0.019183586544331884,0.01817129787792821,0.01747863242682101,0.02482709282874695,0.022439544686049098,0.019183586544331884,0.01817129787792821,0.01747863242682101,0.02482709282874695
artificial.148,0.005039159724126419,0.0049608849731822766,0.005393635347548288,0.004977883088576265,0.0012025134888745226,0.005216382732285825,0.004949645524119537,0.005353168405911363,0.005002963358718176,0.0012025134888745226,0.005216382732285825,0.004949645524119537,0.005353168405911363,0.005002963358718176,0.0012025134888745226
artificial.149,0.004824160671603162,0.0042018027668346445,0.004185168707437025,0.003756646869057958,0.0024025835705941117,0.004768431022197491,0.0042317731821399675,0.004186642446864035,0.00375642382375734,0.002402578752023549,0.004768431022197491,0.0042317731821399675,0.004186642446864035,0.00375642382375734,0.002402578752023549
artificial.150,0.07978590632590943,0.07977277042470808,0.08026185471582553,0.0764071036531402,0.04938311373950664,0.07979597656553632,0.07971323728371607,0.08018144786198925,0.07640595906217607,0.049383100078314125,0.07979597656553632,0.07971323728371607,0.08018144786198925,0.07640595906217607,0.049383100078314125
artificial.151,0.020063365370464003,0.017561307669090132,0.016626834778985827,0.015421372363683492,0.016109383929811854,0.0201358446226401,0.0175900127356801,0.016622775426401195,0.015417903657253896,0.01610938609156071,0.0201358446226401,0.0175900127356801,0.016622775426401195,0.015417903657253896,0.01610938609156071
artificial.152,0.0031000676038184,0.0025909620145483725,0.0028031946959362584,0.00280807342020138,0.0021037762101866722,0.0030983530553194516,0.0025906487147306706,0.0028027939132989283,0.0028076387580693273,0.0021037762101866722,0.0030983530553194516,0.0025906487147306706,0.0028027939132989283,0.0028076387580693273,0.0021037762101866722
artificial.153,0.008258780590974648,0.007778866552031822,0.008485179077934456,0.007829389126455493,0.004526310787295655,0.008273930332284305,0.007763645366851598,0.008475024743273867,0.007845547814038427,0.004561922598123172,0.008273930332284305,0.007763645366851598,0.008475024743273867,0.007845547814038427,0.004561922598123172
artificial.154,0.011074816783185608,0.011359980391328583,0.011371918257071203,0.010789237335931953,0.006329887036192986,0.011042480930252757,0.011331880451220615,0.011371031040276522,0.010774187376631867,0.006329886119631654,0.011042480930252757,0.011331880451220615,0.011371031040276522,0.010774187376631867,0.006329886119631654
artificial.155,0.0028956325224281797,0.0021959451230728812,0.0019880702798848356,0.002075379778555434,0.0008030573867925005,0.0028892826705870203,0.0021818115785465016,0.001962796342034103,0.002075377165992315,0.0008030573867925005,0.0028892826705870203,0.0021818115785465016,0.001962796342034103,0.002075377165992315,0.0008030573867925005
artificial.156,0.00510763668408215,0.005095368571239478,0.005774615495902692,0.006028796783487341,0.006064991977372606,0.005187073657450668,0.00517842911552869,0.005774330890260116,0.006028760490586442,0.006136674784077788,0.005187073657450668,0.00517842911552869,0.005774330890260116,0.006028760490586442,0.006136674784077788
artificial.157,0.013101751562686033,0.010447940336835224,0.00968255875539707,0.009480819146952932,0.011747741509854142,0.013057458268214623,0.01045806255614296,0.009680937313244367,0.009458576296367276,0.011747729509702473,0.013057458268214623,0.01045806255614296,0.009680937313244367,0.009458576296367276,0.011747729509702473
artificial.158,0.007372187277781348,0.005936818333122414,0.006061371978502772,0.0057954766749361555,0.004765340041974893,0.007358480221049042,0.005937938994658927,0.006013327485734607,0.00579547920241096,0.004765365872052637,0.007358480221049042,0.005937938994658927,0.006013327485734607,0.00579547920241096,0.004765365872052637
artificial.159,0.006735088955520036,0.006438140517845715,0.006209333026118491,0.006483810278157706,0.0027295308042877948,0.006733616436388576,0.006443386541008708,0.006142522940348614,0.006466090002342844,0.0027295373312257493,0.006733616436388576,0.006443386541008708,0.006142522940348614,0.006466090002342844,0.0027295373312257493
artificial.160,0.018718520513727563,0.021163585865181734,0.02245602317535792,0.02163387768122842,0.003625129140944817,0.018635278740660812,0.021189155896276717,0.022362024410546716,0.021604987759291806,0.0036251188332759067,0.018635278740660812,0.021189155896276717,0.022362024410546716,0.021604987759291806,0.0036251188332759067
artificial.161,0.02842114091698431,0.028120085901183766,0.02879874158825241,0.028071697188958477,0.022155153658176597,0.02847671203253994,0.028103463930821148,0.028782578793617033,0.02805359663693504,0.022155165646102634,0.02847671203253994,0.028103463930821148,0.028782578793617033,0.02805359663693504,0.022155165646102634
artificial.162,0.06462137435955162,0.06076989576281669,0.05803520001298259,0.05543705331248314,0.06488201114009513,0.06456340233296778,0.06082053070117469,0.058036958287402705,0.055429937350101974,0.06500399444122337,0.06456340233296778,0.06082053070117469,0.058036958287402705,0.055429937350101974,0.06500399444122337
artificial.163,0.007631529015259425,0.005810082929694487,0.004795150885426169,0.004973871051979675,0.0073473379923028855,0.007577334479281048,0.005789397608506674,0.0047780825467932326,0.004973862516125749,0.007417512289059018,0.007577334479281048,0.005789397608506674,0.0047780825467932326,0.004973862516125749,0.007417512289059018
artificial.164,0.09519686424638583,0.09307397785846465,0.09090867401573585,0.09070287827766109,0.08891572846524687,0.09491574596683343,0.09310361566053135,0.09089270569390767,0.09069946175791534,0.08887090793064326,0.09491574596683343,0.09310361566053135,0.09089270569390767,0.09069946175791534,0.08887090793064326
artificial.165,0.006644348941172086,0.005432920550952492,0.005577791827209342,0.005634988663131801,0.0025509727206755673,0.006650574784442622,0.005458804165410308,0.005591229146482364,0.005634821641057321,0.0025509732831241923,0.006650574784442622,0.005458804165410308,0.005591229146482364,0.005634821641057321,0.0025509732831241923
artificial.166,0.00975361879594888,0.009158969806877873,0.008924341360722265,0.008806185253080495,0.008646871663930461,0.009938635913185914,0.009140606259710958,0.008911126366798887,0.008806182031809755,0.008646868716577934,0.009938635913185914,0.009140606259710958,0.008911126366798887,0.008806182031809755,0.008646868716577934
artificial.167,0.0057269840913623336,0.004666213149282332,0.004660311090354204,0.004926105227989254,0.004686747091601591,0.005792261140521621,0.0046806444717156425,0.004650406637263032,0.004926111266258282,0.004686746435471148,0.005792261140521621,0.0046806444717156425,0.004650406637263032,0.004926111266258282,0.004686746435471148
artificial.168,0.012655970737761472,0.010192242035987358,0.01073927002739592,0.010679229374282454,0.01180619089784573,0.012604440664982631,0.01017261980910253,0.010727307174657813,0.01069090471825843,0.011806208483729699,0.012604440664982631,0.01017261980910253,0.010727307174657813,0.01069090471825843,0.011806208483729699
artificial.169,0.0120311173937802,0.010950028771817753,0.010446928101311372,0.010102588635139364,0.00651054584262875,0.01206348952735683,0.011006121947677786,0.010470575546525005,0.010101829069988676,0.006510536456939142,0.01206348952735683,0.011006121947677786,0.010470575546525005,0.010101829069988676,0.006510536456939142
artificial.170,0.010728637117813541,0.009448876162851784,0.008819588609121366,0.008958420345695208,0.007854560205147508,0.0107629999409988,0.009425578634755929,0.008810289104386398,0.008997416394578898,0.007854564049851236,0.0107629999409988,0.009425578634755929,0.008810289104386398,0.008997416394578898,0.007854564049851236
artificial.171,0.005138852110155804,0.004330872193185133,0.004619425059959848,0.004243962130574531,0.0015237213712204671,0.005037612605072589,0.004330050964283818,0.004640447758054104,0.004243950873010121,0.0015237216298224377,0.005037612605072589,0.004330050964283818,0.004640447758054104,0.004243950873010121,0.0015237216298224377
artificial.172,0.0653936477438441,0.062424703162747494,0.05949751838044314,0.058662590099388554,0.06776891145326619,0.06549802421847785,0.06253527985386909,0.05939027502954991,0.05865374346754,0.06780538043527182,0.06549802421847785,0.06253527985386909,0.05939027502954991,0.05865374346754,0.06780538043527182
artificial.173,0.008990093132967322,0.008424638320087717,0.0083213604657852,0.00904861083705285,0.0027203291129814277,0.00900604260814536,0.008422615879916181,0.008342399276121022,0.00900666203307308,0.0027203303343034933,0.00900604260814536,0.008422615879916181,0.008342399276121022,0.00900666203307308,0.0027203303343034933
artificial.174,0.013773012023866466,0.012183007228799047,0.012787972840291675,0.012713062890789582,0.009802887332162459,0.013778783995021476,0.0121900721986399,0.012800577107378308,0.01270081143160672,0.009802876572307587,0.013778783995021476,0.0121900721986399,0.012800577107378308,0.01270081143160672,0.009802876572307587
artificial.175,0.019652987579380703,0.016127216447318217,0.015301336735483704,0.01507416032392184,0.016092017669931895,0.019609002384042597,0.01609242874045271,0.015290791939019208,0.015073089102128756,0.016092007148305575,0.019609002384042597,0.01609242874045271,0.015290791939019208,0.015073089102128756,0.016092007148305575
artificial.176,0.012503596541252339,0.010567418710363909,0.01057889821874053,0.01060715952029058,0.006626161205174013,0.012718512451703808,0.01052899233756852,0.010580490193325886,0.01063026721813801,0.006626162645203098,0.012718512451703808,0.01052899233756852,0.010580490193325886,0.01063026721813801,0.006626162645203098
artificial.177,0.04184257180819156,0.04199234883853354,0.042619838007301604,0.04187204080323642,0.028698433535775503,0.04172747315453018,0.041986281373926834,0.04271518251737999,0.04186489893995835,0.028648114488997803,0.04172747315453018,0.041986281373926834,0.04271518251737999,0.04186489893995835,0.028648114488997803
artificial.178,0.06592351995211342,0.06347886525860776,0.06167267462626197,0.0600370563037126,0.059977468662820735,0.06615215625452524,0.06355756827211025,0.06168290953893038,0.06011169082609656,0.05994993449393763,0.06615215625452524,0.06355756827211025,0.06168290953893038,0.06011169082609656,0.05994993449393763
artificial.179,0.014809615707141385,0.015272441793703241,0.016330966060423207,0.015527757513720977,0.005127569257390803,0.014822399495906899,0.015227826175080146,0.016334650068669857,0.015539847106283321,0.00512756460738973,0.014822399495906899,0.015227826175080146,0.016334650068669857,0.015539847106283321,0.00512756460738973
artificial.180,0.010115244858932799,0.009458096055847572,0.01007663695454867,0.009428217155128213,0.00612023488723062,0.010306004898893738,0.009468204153876645,0.010143459277170376,0.009427732509407582,0.006151258879971121,0.010306004898893738,0.009468204153876645,0.010143459277170376,0.009427732509407582,0.006151258879971121
artificial.181,0.02366062834008233,0.023477348191702854,0.023101193423294832,0.022798520201820095,0.021842587597535778,0.023675794813831554,0.023509523485372004,0.023044001893172947,0.02283737184855679,0.021873042850922675,0.023675794813831554,0.023509523485372004,0.023044001893172947,0.02283737184855679,0.021873042850922675
artificial.182,0.04471774687307705,0.0424991544481298,0.04307713649850062,0.04235054380788436,0.031168323371347555,0.044622521924297304,0.04242903402120074,0.043121129384439044,0.042351272894045264,0.03117074381655061,0.044622521924297304,0.04242903402120074,0.043121129384439044,0.042351272894045264,0.03117074381655061
artificial.183,0.06912485851807673,0.07294641972417375,0.07399515958735217,0.07184136001423719,0.045490539008150865,0.06918436117206996,0.07298237876597666,0.07395403736868542,0.07184543848005186,0.04550164287871956,0.06918436117206996,0.07298237876597666,0.07395403736868542,0.07184543848005186,0.04550164287871956
artificial.184,0.040508064891787154,0.036087707692955336,0.03453623418545978,0.03505065262913008,0.03576866763600515,0.04036101717220834,0.036056713557600886,0.034577980547049574,0.035011808237119836,0.0357620343568777,0.04036101717220834,0.036056713557600886,0.034577980547049574,0.035011808237119836,0.0357620343568777
artificial.185,0.01858105666344905,0.01711747435503769,0.017245824011431467,0.016754617188471314,0.012849484441700545,0.018610744010424826,0.017097852887175666,0.017279360170381158,0.016770254186400914,0.012849474600927986,0.018610744010424826,0.017097852887175666,0.017279360170381158,0.016770254186400914,0.012849474600927986
artificial.186,0.024771160151856462,0.023366654126011424,0.022939859067652075,0.023126482819687922,0.023263381127365142,0.024664434429318496,0.023370889842044204,0.022902144329247212,0.023126504568022063,0.023280646584729985,0.024664434429318496,0.023370889842044204,0.022902144329247212,0.023126504568022063,0.023280646584729985
artificial.187,0.023818982257228113,0.0206923064817239,0.02059483908003655,0.020317875398762307,0.017607453234091776,0.02356504583589882,0.02069858024946102,0.020575291192618007,0.020306016931068437,0.017607390618312017,0.02356504583589882,0.02069858024946102,0.020575291192618007,0.020306016931068437,0.017607390618312017
artificial.188,0.3077473738405432,0.3116389051099805,0.3137119288036886,0.3145587709442158,0.28638761658719325,0.30776511599369705,0.3115563131034494,0.3138232021346752,0.31455875552958085,0.2863876321108005,0.30776511599369705,0.3115563131034494,0.3138232021346752,0.31455875552958085,0.2863876321108005
artificial.189,0.17554254104901035,0.18089438805651253,0.18294808168054458,0.177438862784455,0.13000484661374673,0.17562057068177436,0.1808582992361346,0.1829899326736016,0.1774125221833986,0.13000481287825646,0.17562057068177436,0.1808582992361346,0.1829899326736016,0.1774125221833986,0.13000481287825646
artificial.190,0.02040808513740462,0.020925038501944385,0.021627286017923478,0.020097961858849024,0.00863317023227479,0.020515986232484452,0.02090885239771519,0.021622371536082364,0.020119985272666972,0.008633210830471905,0.020515986232484452,0.02090885239771519,0.021622371536082364,0.020119985272666972,0.008633210830471905
artificial.191,0.011628928271633145,0.010624279787878525,0.010584656080547808,0.009570786510755694,0.004381550190198536,0.011674198798105648,0.010537977785563982,0.010558345879380638,0.009591109322196907,0.004356896604301399,0.011674198798105648,0.010537977785563982,0.010558345879380638,0.009591109322196907,0.004356896604301399
artificial.192,0.027780413609545182,0.025877139487710005,0.024560278440167938,0.02359662000203297,0.02244536893666535,0.027846993444137345,0.02584242935166084,0.024668401031157212,0.023593831687144573,0.02244534184319445,0.027846993444137345,0.02584242935166084,0.024668401031157212,0.023593831687144573,0.02244534184319445
artificial.193,0.02852219968509639,0.028257140959678108,0.028695533060203504,0.028700742236513473,0.015584604640905086,0.02843692699865838,0.02826143618783986,0.028734845078209493,0.028643193278769758,0.015556726247486852,0.02843692699865838,0.02826143618783986,0.028734845078209493,0.028643193278769758,0.015556726247486852
artificial.194,0.017023671097388827,0.01607406146392672,0.015888411855920447,0.015922873894561394,0.012629318732139969,0.017115214142714483,0.016050477210363786,0.015843952800836655,0.015922899010358003,0.012667814645425862,0.017115214142714483,0.016050477210363786,0.015843952800836655,0.015922899010358003,0.012667814645425862
artificial.195,0.013448510335573281,0.012854949707191919,0.012856238796374658,0.012293526842879078,0.007413911658300656,0.013475381822331779,0.012782380670620779,0.012870627777458694,0.01229351697642171,0.007413891620779866,0.013475381822331779,0.012782380670620779,0.012870627777458694,0.01229351697642171,0.007413891620779866
artificial.196,0.018917425199102098,0.016844594708226565,0.01678337271884014,0.0162399995172102,0.013559755314615158,0.019044688656879638,0.01688721436498736,0.01678144939801554,0.01623952645426163,0.013529243929803687,0.019044688656879638,0.01688721436498736,0.01678144939801554,0.01623952645426163,0.013529243929803687
artificial.197,0.022295470722361085,0.02263955150258385,0.02172036783024706,0.02043206065558941,0.011641117778884952,0.022452671292808802,0.022717927680453748,0.021764490290138955,0.020429579941858914,0.011639920306956679,0.022452671292808802,0.022717927680453748,0.021764490290138955,0.020429579941858914,0.011639920306956679
artificial.198,0.012768925020346985,0.01058493250744317,0.010474639914457767,0.009919693137234524,0.007825716731790154,0.012731899431505569,0.010621979918984639,0.010495224896430766,0.009919533034937844,0.007741428231106061,0.012731899431505569,0.010621979918984639,0.010495224896430766,0.009919533034937844,0.007741428231106061
artificial.199,0.006395090792530757,0.005195105070162953,0.005249942740810876,0.005551594619887037,0.002762375175428561,0.00639037655519831,0.0052059703463007605,0.005294552242763121,0.005575811388567517,0.002762375175428561,0.00639037655519831,0.0052059703463007605,0.005294552242763121,0.005575811388567517,0.002762375175428561
artificial.200,0.022443105452116363,0.022618041346348348,0.022706005236324593,0.021490680414246524,0.014879975472159322,0.022579229906362137,0.022610519428483022,0.022738695203000085,0.02149009693859524,0.014879945322759144,0.022579229906362137,0.022610519428483022,0.022738695203000085,0.02149009693859524,0.014879945322759144
artificial.201,0.006115132520540436,0.00430530550382369,0.003922359875853723,0.0040930091262157565,0.0032200416537003294,0.006216179127204377,0.004421053900670035,0.003940621712659321,0.004092744345623835,0.003252737289929268,0.006216179127204377,0.004421053900670035,0.003940621712659321,0.004092744345623835,0.003252737289929268
artificial.202,0.013137667239631832,0.013226253962741791,0.012909331775433054,0.013090009798269025,0.008513981234830664,0.013124413378428774,0.01314893998275227,0.012897041290165546,0.013090004668800698,0.008532705613761857,0.013124413378428774,0.01314893998275227,0.012897041290165546,0.013090004668800698,0.008532705613761857
artificial.203,0.13864979695610408,0.1379809517524675,0.1392936482475654,0.1386444015751895,0.12263839809249502,0.13873320146792045,0.13800046324085663,0.13928743348887432,0.13865488354532962,0.12255133479869855,0.13873320146792045,0.13800046324085663,0.13928743348887432,0.13865488354532962,0.12255133479869855
artificial.204,0.03849698483614578,0.03992237405903402,0.041761638594813535,0.04212824453348145,0.015965314069349215,0.03836203426622938,0.03992664727986074,0.04184282744509032,0.042128079909577905,0.015965302350359326,0.03836203426622938,0.03992664727986074,0.04184282744509032,0.042128079909577905,0.015965302350359326
artificial.205,0.008991238253574134,0.008303685618603588,0.008422989707002223,0.00810198615363043,0.00535483055683253,0.009063250757744149,0.008274799973985409,0.008424606416360255,0.008082959248301259,0.00535483055683253,0.009063250757744149,0.008274799973985409,0.008424606416360255,0.008082959248301259,0.00535483055683253
artificial.206,0.01373075786657369,0.011062582202705324,0.011318462373856386,0.010872355587526129,0.00901073375817871,0.013753317223232173,0.01106786449973562,0.011312204048441266,0.01087233833138759,0.009010726137814309,0.013753317223232173,0.01106786449973562,0.011312204048441266,0.01087233833138759,0.009010726137814309
artificial.207,0.020480582458955555,0.021656536113122574,0.02271465323894838,0.021121624585690762,0.0104610407797834,0.020603051708105887,0.02156080680153955,0.022729419759456616,0.021121503149407018,0.010461042041824652,0.020603051708105887,0.02156080680153955,0.022729419759456616,0.021121503149407018,0.010461042041824652
artificial.208,0.11927045854290576,0.11509238543887795,0.11392308066864801,0.11161497145504226,0.11019607956190132,0.11926150866147524,0.11505646420402396,0.11396278494603332,0.11163036899055828,0.1101961100107356,0.11926150866147524,0.11505646420402396,0.11396278494603332,0.11163036899055828,0.1101961100107356
artificial.209,0.0068184901437398126,0.006989876013993371,0.007005945140070001,0.006317293366353281,0.0046672247851023375,0.0068576998678700095,0.006963814237213186,0.0070365750031744275,0.0063172898297543375,0.004667222154944603,0.0068576998678700095,0.006963814237213186,0.0070365750031744275,0.0063172898297543375,0.004667222154944603
artificial.210,0.003310501895992376,0.002867267871550663,0.0030212181957634445,0.0028379647551749873,0.001815603902042706,0.0034111299309078458,0.0028786676737627384,0.0030201371388195284,0.0028379660402076596,0.001815603902042706,0.0034111299309078458,0.0028786676737627384,0.0030201371388195284,0.0028379660402076596,0.001815603902042706
artificial.211,0.003984454399688931,0.0029036280880738066,0.0030037986277699634,0.002824051782886134,0.002549446118820225,0.0039638756846784124,0.0029438340433463796,0.003021336321458664,0.0028232801697982038,0.002549444874226762,0.0039638756846784124,0.0029438340433463796,0.003021336321458664,0.0028232801697982038,0.002549444874226762
artificial.212,0.06769737928808295,0.06932498842438224,0.06933762396019107,0.06812433050677799,0.05358324157160617,0.06776166373308813,0.06932217481051753,0.06947319834624933,0.06813716508429987,0.05358328449931239,0.06776166373308813,0.06932217481051753,0.06947319834624933,0.06813716508429987,0.05358328449931239
artificial.213,0.007130081055879381,0.0072277650480242015,0.006820474573941498,0.006769756807335553,0.0018090543956037204,0.0071201732023303994,0.007156914684558773,0.0067983298409689755,0.006758966182301883,0.0018090543956037204,0.0071201732023303994,0.007156914684558773,0.0067983298409689755,0.006758966182301883,0.0018090543956037204
artificial.214,0.008769888070150835,0.006444750973328668,0.006193512559098571,0.00645476787504509,0.005500556265698944,0.008677118889378584,0.006446413997428651,0.0061944663536723675,0.006454767436000593,0.005528987719152842,0.008677118889378584,0.006446413997428651,0.0061944663536723675,0.006454767436000593,0.005528987719152842
artificial.215,0.0021185943959387697,0.001485407482966095,0.0013926468922072135,0.001464151107556037,0.0009971679610782129,0.0021019091737301205,0.001485702585568132,0.0013926493890050794,0.0014755266487434596,0.0009971667363718648,0.0021019091737301205,0.001485702585568132,0.0013926493890050794,0.0014755266487434596,0.0009971667363718648
artificial.216,0.003511897343997315,0.003057363489016537,0.003379542804013737,0.0032464946380544053,0.0039357523921277615,0.0034130340591582314,0.0030437003442464064,0.0033795518255027323,0.00324650078199765,0.0039357523921277615,0.0034130340591582314,0.0030437003442464064,0.0033795518255027323,0.00324650078199765,0.0039357523921277615
artificial.217,0.005408452142508417,0.0046253410186855495,0.004610544032744869,0.0050574413485629625,0.004817341252646175,0.005387089361788886,0.004667183231649377,0.004601211709070641,0.005057442518111769,0.004817341252646175,0.005387089361788886,0.004667183231649377,0.004601211709070641,0.005057442518111769,0.004817341252646175
artificial.218,0.002836307777762522,0.0022976422284671297,0.0022964143477929985,0.0023357692769527365,0.002241109375793157,0.0028464014036436456,0.0022695309044845563,0.002294723795900117,0.002335785908534369,0.0022411051834980073,0.0028464014036436456,0.0022695309044845563,0.002294723795900117,0.002335785908534369,0.0022411051834980073
artificial.219,0.0012613935573235486,0.0007533927731997354,0.0006614421348992244,0.0005602106145362126,0.0002242601725824856,0.0012414407163882934,0.0007533778740913046,0.0006614497384272641,0.0005602059711832799,0.0002242601725824856,0.0012414407163882934,0.0007533778740913046,0.0006614497384272641,0.0005602059711832799,0.0002242601725824856
artificial.220,0.003069036819508556,0.0026203975783561278,0.0029608814102691414,0.0030548756057004285,0.0016015368966675108,0.0029995067178172183,0.0025801923594900196,0.002966563651716068,0.003054675717501665,0.0016015368966675108,0.0029995067178172183,0.0025801923594900196,0.002966563651716068,0.003054675717501665,0.0016015368966675108
artificial.221,0.005255051005392374,0.00450212268415884,0.00448363009424596,0.004278924005273362,0.002383204885165432,0.005320466694106198,0.004503217987598243,0.0044846962066379305,0.004260431656032599,0.002383203525077872,0.005320466694106198,0.004503217987598243,0.0044846962066379305,0.004260431656032599,0.002383203525077872
artificial.222,0.018034057104873057,0.017022806720244015,0.01638134673974,0.01581568737281737,0.01354090307346069,0.017980633733404312,0.01703717557234549,0.016342784454112573,0.015815424483310952,0.01351149382039628,0.017980633733404312,0.01703717557234549,0.016342784454112573,0.015815424483310952,0.01351149382039628
artificial.223,0.0034849547957265543,0.003400829471952626,0.0033802038116694435,0.003216571959085989,0.00048567711397916417,0.0034700838608914776,0.003386987669519717,0.003379994863782244,0.003235561245483908,0.0004856774780973572,0.0034700838608914776,0.003386987669519717,0.003379994863782244,0.003235561245483908,0.0004856774780973572
artificial.224,0.00038381537611674617,0.00032247710590655685,0.00037427407008614155,0.00034812703085397746,0.0005220636894337425,0.00038380689442143995,0.0003237707438814124,0.0003742761739343088,0.0003481272149181857,0.0004874558465692811,0.00038380689442143995,0.0003237707438814124,0.0003742761739343088,0.0003481272149181857,0.0004874558465692811
artificial.225,0.003703465894030057,0.0028216357595744084,0.0026951184213345053,0.002717997015035305,0.001881461473736596,0.0036553016449783248,0.0028105359007250413,0.002711930101789554,0.0027176524841284887,0.0018814305736212932,0.0036553016449783248,0.0028105359007250413,0.002711930101789554,0.0027176524841284887,0.0018814305736212932
artificial.226,0.11450771685753394,0.10858395282632538,0.1069875718004764,0.107268105359705,0.11429243814122,0.11429395938841382,0.10871760138086498,0.10696768632364931,0.10726273576947701,0.11425647343773443,0.11429395938841382,0.10871760138086498,0.10696768632364931,0.10726273576947701,0.11425647343773443
artificial.227,0.021352338451557196,0.018500446653110972,0.018024397954379413,0.018849900493770992,0.023349269205602305,0.02132670586366035,0.018549247016295425,0.018004393103390425,0.018833447820357545,0.023388379814161007,0.02132670586366035,0.018549247016295425,0.018004393103390425,0.018833447820357545,0.023388379814161007
artificial.228,0.002277449874757222,0.0022975746222942636,0.00214208810512021,0.002431411115761247,0.000438304121738911,0.002298015135216108,0.002314416514220005,0.0021415443592269602,0.002431417790736877,0.000438304121738911,0.002298015135216108,0.002314416514220005,0.0021415443592269602,0.002431417790736877,0.000438304121738911
artificial.229,0.019836498315366793,0.020659316514735668,0.02126428899249396,0.02105484820501868,0.008075504314331228,0.01994860253403834,0.020589065665530287,0.02114017571233964,0.021031887609597698,0.008075555968729402,0.01994860253403834,0.020589065665530287,0.02114017571233964,0.021031887609597698,0.008075555968729402
artificial.230,0.0029031577907093534,0.002826595649266216,0.0029004639519169774,0.002813896387682753,0.001289478789998232,0.0029455840573237224,0.002816235829676075,0.0029162362118459835,0.002785786932688508,0.001289478789998232,0.0029455840573237224,0.002816235829676075,0.0029162362118459835,0.002785786932688508,0.001289478789998232
artificial.231,0.0036424586811121206,0.0037586489008020786,0.003618392685419594,0.003401658743558171,0.0006024041940235307,0.003604550490284867,0.0037441779148861035,0.0036173311931025852,0.003401285082121496,0.0006172522427210083,0.003604550490284867,0.0037441779148861035,0.0036173311931025852,0.003401285082121496,0.0006172522427210083
artificial.232,0.009006452906565524,0.008019229038238993,0.008721334437528396,0.008583385088863279,0.0042926323116555375,0.009033162590772291,0.008122479047467794,0.008700123710595269,0.008582928282524722,0.004292636683116026,0.009033162590772291,0.008122479047467794,0.008700123710595269,0.008582928282524722,0.004292636683116026
artificial.233,0.007379960109696638,0.0061063950718762035,0.006416286318202364,0.006647157970439399,0.005110667630704289,0.007403138269985457,0.006092316338373267,0.006462971439614092,0.006647163074793664,0.005110670486911759,0.007403138269985457,0.006092316338373267,0.006462971439614092,0.006647163074793664,0.005110670486911759
