,{'C': np.float64(0.01)},{'C': np.float64(0.027825594022071243)},{'C': np.float64(0.0774263682681127)},{'C': np.float64(0.21544346900318834)},{'C': np.float64(0.5994842503189409)},{'C': np.float64(1.6681005372000592)},{'C': np.float64(4.6415888336127775)},{'C': np.float64(12.915496650148826)},{'C': np.float64(35.93813663804626)},{'C': np.float64(100.0)}
CD4_T_cells_FoxP3+_glandfront_ERa,0.0,0.0,0.0,0.0,0.0,0.00012399720998491052,0.0007696560832802584,0.0006848875867124956,0.0019332612700085116,0.004429868797927169
CD4_T_cells_FoxP3+_glandfront_PR,0.0,0.0,0.0,0.0,0.0,0.0,0.0,0.00039660966489611204,0.0035486244338325842,0.004012315431024916
CD4_T_cells_FoxP3+_glandfront_pP38,0.0,0.0,0.0,0.001510660397585188,0.003700298315303249,0.005116000854450773,0.006276930165934888,0.006991666171279448,0.013048083184803359,0.022981331944883936
CD4_T_cells_FoxP3+_glandfront_VEGF,0.0,0.0,0.0,0.001755593770947479,0.0031684429861142923,0.0032128984906575867,0.003413470727089635,0.004921259599478537,0.005473964764173711,0.006155441091882177
CD4_T_cells_FoxP3+_glandfront_GranzymeB,0.0,0.0,0.0,0.0,0.0,0.0,0.0,0.0011809171004817326,0.001310492961474753,0.004751183185886134
CD4_T_cells_FoxP3+_glandfront_Ki67,0.0,0.0,0.0,0.0,0.0,0.0,0.0,0.0,0.0,0.0
CD4_T_cells_FoxP3+_glandfront_TIM3,0.0,0.0,0.005856591236765992,0.015822888879366594,0.02279656521052288,0.027346140777933382,0.02919663671696586,0.031099713267140366,0.02830111297694513,0.023624030427989048
CD4_T_cells_FoxP3+_glandfront_HLA-DR,0.0,0.0,0.008,0.019863615084053893,0.02878331432764736,0.03082740819197388,0.03220529015393947,0.03238105708667507,0.031200653929902605,0.029312707750871587
CD4_T_cells_FoxP3+_stromal_ERa,0.0,0.0,0.0,0.0,0.0,0.0001952187510242154,0.0,6.070989515369939e-05,0.0006046652584053043,0.0009156334503203856
CD4_T_cells_FoxP3+_stromal_PR,0.0,0.0,0.0,0.0008421677497362225,0.0016083720131784608,0.0015390295462970644,0.0021843544610079236,0.003177259610463208,0.004893414973257144,0.004171687004943963
CD4_T_cells_FoxP3+_stromal_pP38,0.0,0.0,0.0,0.0,0.0010647010934484015,0.0012602836490173167,0.0016966843993128243,0.0008058218600197421,0.0,0.0009392317511357285
CD4_T_cells_FoxP3+_stromal_VEGF,0.0,0.0,0.0,0.0,0.0,0.00023512684242375917,0.0006739765153179651,0.0007887998254958575,0.00040742530855612065,0.0010493335016094948
CD4_T_cells_FoxP3+_stromal_GranzymeB,0.0,0.0,0.0,0.0,0.00011347328136088425,0.0005813705139833062,0.000622700013357535,0.0006351760181828222,0.0,0.0
CD4_T_cells_FoxP3+_stromal_Ki67,0.0,0.0,0.0,0.0003153758527998456,0.0020835725889320486,0.0026096489569201395,0.003025516413413434,0.0036165960748524104,0.00345546518467724,0.002578847463215595
CD4_T_cells_FoxP3+_stromal_HLA-DR,0.0,0.0,0.0,0.0,0.0,0.0,0.0,0.0,0.0,0.0
CD8_T_cells_FoxP3+_glandfront_ERa,0.0,0.0,0.0,0.0,0.002367884881033761,0.002453288598899037,0.0022896740959317766,0.0020788183728059737,0.0023640500930395907,0.0010858130355758337
CD8_T_cells_FoxP3+_glandfront_PR,0.0,0.0,0.0,0.00026604079998278053,0.000773444984886992,0.0034300767670398125,0.002905006367957977,0.003648385079563002,0.004300766926314749,0.0025202275401646893
CD8_T_cells_FoxP3+_glandfront_pP38,0.0,0.0,0.0,0.008976737442533656,0.023334674416527246,0.02538854689295927,0.026026119962236853,0.028973088741490557,0.029177330884361658,0.0431574483407
CD8_T_cells_FoxP3+_glandfront_VEGF,0.0,0.0,0.0,0.0,0.0,0.0,0.0,0.0,0.0,0.0
CD8_T_cells_FoxP3+_glandfront_GranzymeB,0.0,0.0,0.0,0.0,0.0,0.0001137322854081397,0.000849165825504919,0.0011938366319747535,0.0014932220176942788,0.0006387717951948962
CD8_T_cells_FoxP3+_glandfront_Ki67,0.0,0.0,0.0,0.0,0.0009605836841797289,0.0010149382233447838,0.000767884995705116,0.0007076569316536815,0.0009028818819342867,0.000853722037773345
CD8_T_cells_FoxP3+_glandfront_HLA-DR,0.0,0.0,0.0,0.0030991798903617024,0.006561430811709271,0.007213188823387653,0.009728344917042173,0.009368687175678118,0.008685750141899316,0.00604490310015482
CD8_T_cells_FoxP3+_intragland_ERa,0.0,0.0,0.0,0.0,0.0,0.0,0.0,0.0,0.0,0.0
CD8_T_cells_FoxP3+_intragland_PR,0.0,0.0,0.0,0.0,0.0,0.0,0.0,0.0,0.0,0.0
CD8_T_cells_FoxP3+_intragland_VEGF,0.0,0.0,0.0,0.0,0.0,0.0,0.0,0.0,0.0,0.0
CD8_T_cells_FoxP3+_intragland_GranzymeB,0.0,0.0,0.0,0.0,0.0,0.00012027670208555291,0.00020508155726945275,0.00025441929349542943,0.00010120947139017672,0.0001739286667271957
CD8_T_cells_FoxP3+_intragland_HLA-DR,0.0,0.0,0.0,0.003517901016863642,0.0131036563180477,0.015959173019800068,0.01554372248329571,0.01499845886745846,0.013376163293487694,0.009646910605940452
CD8_T_cells_FoxP3+_stromal_ERa,0.0,0.0,0.0,0.0,0.0009965679734005729,0.0011793960610339655,0.0008587347063573727,0.0012048862791185773,0.0014163166645198885,0.0016771424662238154
CD8_T_cells_FoxP3+_stromal_PR,0.0,0.0,0.0,0.0,0.0,0.0,0.0,0.0,0.0,0.00010551477052336528
CD8_T_cells_FoxP3+_stromal_pP38,0.0,0.0,0.0,0.0066007041943807404,0.016185324011684796,0.022652680616120496,0.02449528141412144,0.02623744698556578,0.029087889772745987,0.0349944787501318
CD8_T_cells_FoxP3+_stromal_VEGF,0.0,0.0,0.0,0.0,0.0,0.00045586643559837733,0.0002440395278048961,0.0002379720353464561,0.00015097235833772403,0.00014408595394628632
CD8_T_cells_FoxP3+_stromal_GranzymeB,0.0,0.0,0.0,0.0,0.0,0.0,0.0,0.0,0.0,0.0
CD8_T_cells_FoxP3+_stromal_Ki67,0.0,0.0,0.0,0.0,0.0,0.0,0.0,0.0,0.0,0.0
CD8_T_cells_FoxP3+_stromal_TIM3,0.0,0.0,0.0,0.0,0.0,0.0,0.0,0.0,0.0,0.0
CD8_T_cells_FoxP3+_stromal_HLA-DR,0.0,0.0,0.0,0.009181389141998108,0.018286911365921033,0.021671817215471383,0.0243815141012114,0.026020540561260685,0.026881651232676856,0.030373593846178503
CD4_T_cells_HLA-DR+_glandfront_ERa,0.0,0.0,0.0,0.0029554121375040218,0.006056682429841539,0.0077212444518146885,0.0080782910949722,0.009029038594172006,0.008787521498503679,0.00901695489326389
CD4_T_cells_HLA-DR+_glandfront_PR,0.0,0.0,0.0,0.0,0.0,0.0,0.0,0.0,0.0,0.00205628006463091
CD4_T_cells_HLA-DR+_glandfront_pP38,0.0,0.0,0.0,0.0,0.0,0.0,0.0,0.0,0.0,0.0
CD4_T_cells_HLA-DR+_glandfront_VEGF,0.0,0.0,0.0,0.0,0.00017156865496413003,9.108774977045588e-05,0.0,0.0003832636291933826,0.0,0.0
CD4_T_cells_HLA-DR+_glandfront_GranzymeB,0.0,0.0,0.0,0.0,0.0013053439780920664,0.002100154476889898,0.002249494595327074,0.0019011550788400342,0.0030402405263885587,0.0016758866229383748
CD4_T_cells_HLA-DR+_glandfront_Ki67,0.0,0.0,0.0,0.001865170150944151,0.006426499887968923,0.00882197164209365,0.00905275198427079,0.009356093365921381,0.009679080856209124,0.009880070759655158
CD4_T_cells_HLA-DR+_glandfront_TIM3,0.0,0.0,0.0,0.0,0.0,0.00010985861229762096,0.00033751498757761145,0.00022044155014016063,0.0007763558601755755,0.0012061501733206569
CD4_T_cells_HLA-DR+_glandfront_HLA-DR,0.0,0.0,0.0,0.0,0.0,0.0,0.0,0.0,0.0,0.0
CD4_T_cells_HLA-DR+_intragland_PR,0.0,0.0,0.0,0.0,0.0,0.0,0.0,0.0,0.0,0.00012134289782444386
CD4_T_cells_HLA-DR+_intragland_HLA-DR,0.0,0.0,0.0,0.0,0.0,0.0,0.0,0.0,0.0,0.0
CD4_T_cells_HLA-DR+_stromal_ERa,0.0,0.0,0.0,2.1167492039261787e-06,0.0008799188774571844,0.0009278558005438606,0.0007237813372209606,0.0007599183316519219,0.0011424122481830156,0.00027781289522963305
CD4_T_cells_HLA-DR+_stromal_PR,0.0,0.0,0.0,0.0,0.0,0.0,0.0,0.0,0.0,0.0
CD4_T_cells_HLA-DR+_stromal_pP38,0.0,0.0,0.0,0.0,0.0,0.0,0.0,0.0,0.0,0.0002852815497579156
CD4_T_cells_HLA-DR+_stromal_VEGF,0.0,0.0,0.0,4.257409079125743e-05,0.0,0.0,0.0,0.0,0.0009015500729681263,0.001182349942191355
CD4_T_cells_HLA-DR+_stromal_GranzymeB,0.0,0.0,0.0,0.0,0.0,0.0,0.0,0.0,0.0,0.0003843133305993878
CD4_T_cells_HLA-DR+_stromal_Ki67,0.0,0.0,0.0,0.0,0.0,0.0,5.5886443502084694e-05,0.0003547748032543655,0.000260324015747862,0.0
CD4_T_cells_HLA-DR+_stromal_TIM3,0.0,0.0,0.0,0.0,0.0,0.0,0.0,0.0,0.0,0.0
CD4_T_cells_HLA-DR+_stromal_HLA-DR,0.0,0.0,0.0,0.0,0.0,0.0,0.0,0.0,0.0,0.00017098706035545183
CD8_T_cells_HLA-DR+_glandfront_ERa,0.0,0.0,0.002,0.0453454949840937,0.08192992241425288,0.08699771352866151,0.09079532167512085,0.09190661141206938,0.0876426735228707,0.0767947482179379
CD8_T_cells_HLA-DR+_glandfront_PR,0.0,0.0,0.0,0.0013320138807601952,0.0024575024318716082,0.0030991153868988545,0.0036064257514572726,0.0033564250345491944,0.004062298176246201,0.00673741546048096
CD8_T_cells_HLA-DR+_glandfront_pP38,0.0,0.0,0.0,0.0,0.0008682353319200495,0.0007215994559851209,0.0009598663543717744,0.001986918114652769,0.0013119342027259904,0.002193425878920502
CD8_T_cells_HLA-DR+_glandfront_VEGF,0.0,0.0,0.0,0.002,0.002897450433814141,0.0019989419701227644,0.0019558596407067016,0.0018866021046683348,0.0019829866381384817,0.004015252776900953
CD8_T_cells_HLA-DR+_glandfront_GranzymeB,0.0,0.0,0.0,0.0,0.0014140135326064643,0.0033623870597751645,0.003083472870782057,0.0029574933991303905,0.0006809060343998316,0.0012525575908301375
CD8_T_cells_HLA-DR+_glandfront_Ki67,0.0,0.0,0.0,0.022946142991687134,0.06527741673374077,0.07795834288375007,0.08838454585543506,0.09341016131039838,0.11982528935346573,0.16271658756113794
CD8_T_cells_HLA-DR+_glandfront_TIM3,0.0,0.0,0.0,0.0001147026347567758,0.0001476107042532834,0.0005317227731734863,0.0007655081554043076,0.0007741644163792705,0.0007308268161872207,0.0004994992649795643
CD8_T_cells_HLA-DR+_glandfront_HLA-DR,0.0,0.0,0.0,0.0,0.0,0.0,0.0,0.0,0.0,0.0
CD8_T_cells_HLA-DR+_intragland_ERa,0.0,0.0,0.0,0.0,0.0,0.0,0.0,0.0,0.0,0.0
CD8_T_cells_HLA-DR+_intragland_PR,0.0,0.0,0.0,0.0,0.0,0.0,0.0,0.0,0.0,0.0
CD8_T_cells_HLA-DR+_intragland_pP38,0.0,0.0,0.0,0.0,0.0,0.0,0.0,0.0,0.0,0.0
CD8_T_cells_HLA-DR+_intragland_VEGF,0.0,0.0,0.0,0.0,0.0005297194733370787,0.0010630919572759908,0.0011360764812925316,0.0011016552538798507,0.0016472343145433315,0.001930049119346107
CD8_T_cells_HLA-DR+_intragland_GranzymeB,0.0,0.0,0.0,0.0,0.0,0.0,0.0,0.0,0.0,0.0
CD8_T_cells_HLA-DR+_intragland_Ki67,0.0,0.0,0.0,0.0,0.0010356068814061253,0.0013652719353071073,0.0014898410694912689,0.0012760568143679416,0.0010702107619433097,0.0012609723105806703
CD8_T_cells_HLA-DR+_intragland_HLA-DR,0.0,0.0,0.0,0.0,0.0,0.0,0.0,0.0,0.0,0.00010667704251171945
CD8_T_cells_HLA-DR+_stromal_ERa,0.0,0.0,0.0,0.0,0.0,0.0,0.0,0.0,0.0,0.0
CD8_T_cells_HLA-DR+_stromal_PR,0.0,0.0,0.0,0.0,0.0,0.0,0.0,0.0,0.0,0.0
CD8_T_cells_HLA-DR+_stromal_pP38,0.0,0.0,0.0,0.0,0.0,0.0,0.0004894668780332962,0.0,0.0,0.0
CD8_T_cells_HLA-DR+_stromal_VEGF,0.0,0.0,0.0,0.0,0.0,0.0,0.0,0.0,0.0,0.0
CD8_T_cells_HLA-DR+_stromal_GranzymeB,0.0,0.0,0.0,0.0,0.0,0.0,0.0,0.0,0.0,0.0
CD8_T_cells_HLA-DR+_stromal_Ki67,0.0,0.0,0.0,0.0,0.0,0.0,0.0,0.0,0.0,0.00028927516891965953
CD8_T_cells_HLA-DR+_stromal_TIM3,0.0,0.0,0.0,0.0,0.001137633318733006,0.0013914401782775673,0.0009438400056252776,0.0006145923489751878,0.0007649078884963689,0.0005210891445331371
CD8_T_cells_HLA-DR+_stromal_HLA-DR,0.0,0.0,0.0,0.0,0.0,0.0,0.0,0.0,0.0,0.0
CD4_T_cells_CD80_CD86+_glandfront_ERa,0.0,0.0,0.0,0.00391923190545657,0.0054799442226249,0.004707906129516862,0.004496545426732149,0.0038088324863008393,0.003296315358507743,0.002709194585985816
CD4_T_cells_CD80_CD86+_glandfront_PR,0.0,0.0,0.0,0.0,0.0006521050594774599,0.0007177173733199511,0.00079076616435779,0.0010165844609981132,0.0016705439116868864,0.0011935918739704905
CD4_T_cells_CD80_CD86+_glandfront_pP38,0.0,0.0,0.0,0.0,0.0,0.0,0.0,0.0,0.0,0.0
CD4_T_cells_CD80_CD86+_glandfront_VEGF,0.0,0.0,0.0,0.0,0.00017568192671721914,0.0,0.0,0.0,0.0003765165560814587,0.00097890907975019
CD4_T_cells_CD80_CD86+_glandfront_GranzymeB,0.0,0.0,0.0,0.0025434841906504745,0.004551018118718819,0.005255316336440295,0.006639590042442293,0.008695650196388658,0.012017681858991616,0.020571035043974503
CD4_T_cells_CD80_CD86+_glandfront_Ki67,0.0,0.0,0.0,0.002255559356609323,0.00417933352021909,0.004954913438784076,0.005237639259910979,0.005615573242163591,0.005969204579776923,0.006760499241928217
CD4_T_cells_CD80_CD86+_glandfront_HLA-DR,0.0,0.0,0.002,0.008003143233567102,0.00868320303067668,0.010244617754020071,0.010535437319640075,0.010811714777226993,0.010882021153931918,0.011773292875741321
CD4_T_cells_CD80_CD86+_intragland_ERa,0.0,0.0,0.0,0.0,0.0003275968460845057,0.0004157350197524556,0.0004398028905667335,0.0004906045108419612,0.0005428379349701038,0.0004690029677495261
CD4_T_cells_CD80_CD86+_intragland_PR,0.0,0.0,0.0,0.0,0.0,0.0001815940709894297,0.00035111224502147327,0.00025164675175090605,0.003454357706771458,0.01701733341575732
CD4_T_cells_CD80_CD86+_intragland_pP38,0.0,0.0,0.0,0.0003055138737932342,0.0006178100582131541,0.0005533135573160933,0.0005414533770475167,0.0005007003036932718,0.0,0.0
CD4_T_cells_CD80_CD86+_intragland_VEGF,0.0,0.0,0.0,0.0,0.0,0.0005291565054323998,0.0010683363772588845,0.0008508806552255529,0.0012035373970898022,0.001177835353042003
CD4_T_cells_CD80_CD86+_intragland_GranzymeB,0.0,0.0,0.0,7.987063664627034e-05,0.001196400747328109,0.0015363339626784977,0.0016032246089614146,0.0016399993767510614,0.0011813976321064297,0.0014557342118794254
CD4_T_cells_CD80_CD86+_intragland_Ki67,0.0,0.0,0.0,0.0,0.0003589426123283279,0.0004292626897445579,0.0003905142247042469,0.00043373410818136205,0.0004130011865598949,0.0003954547007134294
CD4_T_cells_CD80_CD86+_stromal_ERa,0.0,0.0,0.0,0.0032668910271464184,0.0032782181508287074,0.0029571766826176397,0.0028530605526214566,0.0035684777065888,0.003104711576150952,0.0035211976149582833
CD4_T_cells_CD80_CD86+_stromal_PR,0.0,0.0,0.0,0.0,0.00077910968648676,0.0004403217962215859,0.0005033218114105622,0.0011674055891468908,0.0029620117165878265,0.005665636115199464
CD4_T_cells_CD80_CD86+_stromal_pP38,0.0,0.0,0.0,0.0010236421225837233,0.004804513134217811,0.007179880459526148,0.007158787543772077,0.006713828136043292,0.006728072274118589,0.0045068973360102745
CD4_T_cells_CD80_CD86+_stromal_VEGF,0.0,0.0,0.0,0.0014411963330027797,0.002990853564793407,0.0038651506915871555,0.00425902667043205,0.0036324184781951967,0.0031917535310923245,0.0025672397450376898
CD4_T_cells_CD80_CD86+_stromal_GranzymeB,0.0,0.0,0.0,0.0036598314073474176,0.007602025708794672,0.009339467592460316,0.00949500277860347,0.008860148276103355,0.008113876679692968,0.011673078738609797
CD4_T_cells_CD80_CD86+_stromal_Ki67,0.0,0.0,0.0,0.0,0.00015866896261280657,0.0011421443638722564,0.002052505440800597,0.0023536239279642935,0.001335528887065013,0.004043252836668835
CD4_T_cells_CD80_CD86+_stromal_HLA-DR,0.0,0.0,0.0,0.0036856183468108295,0.010018437160703917,0.013514136821078913,0.016510866714242112,0.016399992310098956,0.020244694505569958,0.02454886408194078
CD8_T_cells_CD80_CD86+_glandfront_ERa,0.0,0.0,0.0,0.0,0.0,0.0,0.0,0.0,0.0,0.0
CD8_T_cells_CD80_CD86+_glandfront_PR,0.0,0.0,0.0,0.0,0.0,0.0,0.0,0.0,0.0,0.0
CD8_T_cells_CD80_CD86+_glandfront_pP38,0.0,0.0,0.0,0.0,2.8236336550140257e-05,1.7496983774078507e-05,0.00031898712423188613,0.00021057046355507623,0.00038883723197286686,0.0
CD8_T_cells_CD80_CD86+_glandfront_VEGF,0.0,0.0,0.0,0.007297814714537639,0.01660153270301232,0.0220872025533556,0.02637001438910714,0.0278788717330586,0.026613165248938375,0.025362024484638885
CD8_T_cells_CD80_CD86+_glandfront_GranzymeB,0.0,0.0,0.0,0.0,0.0,0.0003203461631259743,0.0010170216135474222,0.0007462223623093169,0.0007966340504807464,0.002127481888612802
CD8_T_cells_CD80_CD86+_glandfront_Ki67,0.0,0.0,0.0,0.001032365190640982,0.0028571201843280085,0.0035675976956908357,0.0038568662378900597,0.004647740922943591,0.005617310176051342,0.007433086702750537
CD8_T_cells_CD80_CD86+_glandfront_HLA-DR,0.0,0.0,0.0,0.0,0.0,0.0,0.0,0.0,0.0,0.00013118630995076087
CD8_T_cells_CD80_CD86+_intragland_ERa,0.0,0.0,0.0,0.0014268421555132173,0.0047714688754448165,0.005334865073717289,0.0034875475392005684,0.004158908575348265,0.004061584643449421,0.0034581362954340215
CD8_T_cells_CD80_CD86+_intragland_PR,0.0,0.0,0.0,0.002458945983282627,0.005041629816370621,0.006437347392237981,0.006205754047414866,0.007026400591746777,0.0051798075638483584,0.00754777806472714
CD8_T_cells_CD80_CD86+_intragland_pP38,0.0,0.0,0.0,0.0002967927781131697,0.0018187959261171264,0.0018744171524531733,0.0018389213106955766,0.0022768694313988493,0.0019809536913261245,0.0026518192769131033
CD8_T_cells_CD80_CD86+_intragland_VEGF,0.0,0.0,0.0,0.0009261279290269981,0.003178707085375258,0.005652492943741768,0.007107063943216328,0.007734534370620636,0.011327030825164465,0.01713997948078848
CD8_T_cells_CD80_CD86+_intragland_GranzymeB,0.0,0.0,0.0,0.00035733515118451057,0.0017084935270181836,0.0025073765093242767,0.0032130912048167906,0.0038066141646474465,0.005429781484761989,0.007971948646890594
CD8_T_cells_CD80_CD86+_intragland_Ki67,0.0,0.0,0.0,0.00026349761319277896,0.006021599724843937,0.009278395619051938,0.011538479425457562,0.010911397931897944,0.011060443241562011,0.00861075358767328
CD8_T_cells_CD80_CD86+_intragland_HLA-DR,0.0,0.0,0.0,0.0005156282684051855,0.007165771234454354,0.009639171622053464,0.010002965685876856,0.010473021387289179,0.010629066169876009,0.012748325378956073
CD8_T_cells_CD80_CD86+_stromal_ERa,0.0,0.0,0.0,0.0,0.0,0.0,0.0,0.0,0.0,0.0
CD8_T_cells_CD80_CD86+_stromal_PR,0.0,0.0,0.0,0.0,0.0,0.0,0.0,0.0,0.0,0.0
CD8_T_cells_CD80_CD86+_stromal_pP38,0.0,0.0,0.0,0.0,0.0,0.0,0.0,0.0,0.0,0.0
CD8_T_cells_CD80_CD86+_stromal_VEGF,0.0,0.0,0.0,0.0,0.0,0.0,0.0,0.0,0.0,0.0
CD8_T_cells_CD80_CD86+_stromal_GranzymeB,0.0,0.0,0.0,0.0,0.0,0.0,0.0,0.0,0.0,0.0
CD8_T_cells_CD80_CD86+_stromal_Ki67,0.0,0.0,0.0,0.0,0.0,0.0,0.0,0.0,0.0,0.0
CD8_T_cells_CD80_CD86+_stromal_HLA-DR,0.0,0.0,0.0,0.0,0.0,0.0,0.0,0.0,0.0,0.0
CD4_T_cells_CD11b+_glandfront_ERa,0.0,0.0,0.0,0.0,0.0,0.0,0.0,0.0,0.0,0.0
CD4_T_cells_CD11b+_glandfront_PR,0.0,0.0,0.0,0.0,0.0,0.0,0.0,0.0,0.0,0.0
CD4_T_cells_CD11b+_glandfront_pP38,0.0,0.0,0.0,0.0,0.0,0.00011854610608356939,0.0002085844283936267,0.0004369780901555085,0.0007281239535449316,0.0007180588063296073
CD4_T_cells_CD11b+_glandfront_VEGF,0.0,0.0,0.0,0.0,0.0,0.0,0.0,0.0,0.0,0.0
CD4_T_cells_CD11b+_glandfront_GranzymeB,0.0,0.0,0.0,0.0,0.0,0.0,0.0,0.0,0.0,0.0
CD4_T_cells_CD11b+_glandfront_Ki67,0.0,0.0,0.0,0.0,0.0,0.0,0.0,0.0,0.0,0.0002362787380150329
CD4_T_cells_CD11b+_glandfront_TIM3,0.0,0.0,0.0,0.0,0.0004554667794059854,0.00038877660046288966,0.0005820262562727777,0.00032933108746876984,0.00041578062453910715,1.6936040497926147e-05
CD4_T_cells_CD11b+_glandfront_HLA-DR,0.0,0.0,0.0,0.0,0.0,0.0,0.0,0.0,0.0,0.0
CD4_T_cells_CD11b+_intragland_PR,0.0,0.0,0.0,0.0,0.0,0.0,0.0,0.0,0.0,0.0
CD4_T_cells_CD11b+_stromal_ERa,0.0,0.0,0.0,0.0,0.0,0.0,0.0,0.0,0.0,0.0
CD4_T_cells_CD11b+_stromal_PR,0.0,0.0,0.0,0.0,0.0,0.0,0.0,0.0,0.0,0.0
CD4_T_cells_CD11b+_stromal_pP38,0.0,0.0,0.0,0.0,0.0,0.0,0.0,0.0,0.0,0.0
CD4_T_cells_CD11b+_stromal_VEGF,0.0,0.0,0.0,0.0,0.0,0.0,0.0,0.0,0.0,0.0
CD4_T_cells_CD11b+_stromal_GranzymeB,0.0,0.0,0.0,0.0,0.0,0.0,0.0,0.0,0.0,0.0
CD4_T_cells_CD11b+_stromal_Ki67,0.0,0.0,0.0,0.0,0.0,0.0,0.00017785770546846182,0.0004022918465405907,0.000585105353309203,0.0005574434167852501
CD4_T_cells_CD11b+_stromal_TIM3,0.0,0.0,0.0,0.0,0.0,0.0,0.0,0.0,0.0,0.00025936059579690415
CD4_T_cells_CD11b+_stromal_HLA-DR,0.0,0.0,0.0,0.0,0.0,0.0,0.0,0.0,0.0,0.0
CD8_T_cells_CD11b+_glandfront_ERa,0.0,0.0,0.0,0.0,0.0,0.0,0.0,0.0,0.0,0.0
CD8_T_cells_CD11b+_glandfront_PR,0.0,0.0,0.0,0.0,0.0004935261093110384,0.0007498609272832663,0.0009823672709974873,0.0011553602676763414,0.0018017983001263815,0.001978928637771996
CD8_T_cells_CD11b+_glandfront_pP38,0.0,0.0,0.0,0.0,0.0,0.0,0.0,0.0,0.0,0.0005544130261527364
CD8_T_cells_CD11b+_glandfront_VEGF,0.0,0.0,0.008,0.019358205096449643,0.026934429900337332,0.028727457595744216,0.030299384411446563,0.03002321351292113,0.0321323620718712,0.03162340729348092
CD8_T_cells_CD11b+_glandfront_GranzymeB,0.0,0.0,0.0,0.0,0.0,0.0,0.0,0.0,0.0,0.0
CD8_T_cells_CD11b+_glandfront_Ki67,0.0,0.0,0.0,0.0,0.0,0.0,0.0,0.0,0.0007838005519363579,0.0021224767475186484
CD8_T_cells_CD11b+_glandfront_HLA-DR,0.0,0.0,0.0,0.0,0.0,0.0,0.0,0.0,0.0,0.0
CD8_T_cells_CD11b+_intragland_ERa,0.0,0.0,0.0,0.0,0.0002253364537858551,0.00021803551466837478,0.00033598249316280163,0.0015783221209506393,0.0008234224577620453,0.0010836105771869164
CD8_T_cells_CD11b+_intragland_PR,0.0,0.0,0.0,0.0,0.0,0.00039354812927244964,0.0012434265324532206,0.0006216571278883956,0.0007736374337165642,0.0006264895180552637
CD8_T_cells_CD11b+_intragland_GranzymeB,0.0,0.0,0.0,0.0,0.0,0.0007343361029232409,0.00026277791665303956,0.00026480847407532484,0.0,0.0
CD8_T_cells_CD11b+_intragland_HLA-DR,0.0,0.0,0.0,0.0,6.272068131267416e-05,0.0,0.0008974222956434427,0.0005136734681042048,0.0008113775121094637,0.0008806686533090733
CD8_T_cells_CD11b+_stromal_ERa,0.0,0.0,0.0,0.0,0.0,0.0,0.0,0.0,0.0,0.0
CD8_T_cells_CD11b+_stromal_PR,0.0,0.0,0.0,0.0,0.0,0.0,0.0,0.0,0.0,0.0
CD8_T_cells_CD11b+_stromal_pP38,0.0,0.0,0.0,0.0,0.0,0.0,0.0,0.0,0.0,0.0
CD8_T_cells_CD11b+_stromal_VEGF,0.0,0.0,0.0,0.0,0.0,0.0,0.0,0.0,0.0,0.0
CD8_T_cells_CD11b+_stromal_GranzymeB,0.0,0.0,0.0,0.0,0.0,0.0,0.00016313973823796932,0.00028017420509266806,0.0002625095189768687,0.00017375310870754266
CD8_T_cells_CD11b+_stromal_Ki67,0.0,0.0,0.0,0.0,0.0,0.0,0.0,0.0,0.0,0.0
CD8_T_cells_CD11b+_stromal_TIM3,0.0,0.0,0.0,0.0,0.0,8.454916696370043e-05,0.0002827087188842402,0.00039321004163227777,0.00023254575634981182,0.0011778538562309186
CD8_T_cells_CD11b+_stromal_HLA-DR,0.0,0.0,0.0,0.0,0.0,0.0,0.0,0.0,0.0,0.0
Stroma_mesenchymal_glandfront_ERa,0.0,0.0,0.0,0.0,0.0,0.0,0.0,0.0,0.001214505157626171,0.0012317404589743974
Stroma_mesenchymal_glandfront_PR,0.0,0.0,0.0,0.0,0.0,0.0,0.0,0.0,0.0,0.0
Stroma_mesenchymal_glandfront_pP38,0.0,0.0,0.0,0.0,0.0,0.0,0.0,0.0,0.0,0.0006706353233909345
Stroma_mesenchymal_glandfront_VEGF,0.0,0.0,0.0,0.0,0.0,0.0,0.0,0.0,0.0,0.0
Stroma_mesenchymal_glandfront_GranzymeB,0.0,0.0,0.0,0.0,0.0,0.0,0.00016641359092349917,9.206524855947024e-05,0.000526749508248842,0.0014299799145564922
Stroma_mesenchymal_glandfront_Ki67,0.0,0.0,0.0,0.0,0.0,0.0,0.0,9.471592275310608e-06,0.0005194960092330897,0.0003385835859621588
Stroma_mesenchymal_glandfront_HLA-DR,0.0,0.0,0.0,0.0,0.0,0.0,0.0,0.0,0.0,0.0
Stroma_mesenchymal_stromal_ERa,0.0,0.0,0.0,0.0,0.0,0.0,0.0001580037255825132,0.00026550049028710524,0.0,0.0
Stroma_mesenchymal_stromal_PR,0.0,0.0,0.0,0.0,0.0,0.0,0.0,0.0,0.0,0.0
Stroma_mesenchymal_stromal_pP38,0.0,0.0,0.0,0.0,0.0,0.0,0.0,0.0,0.0,0.0
Stroma_mesenchymal_stromal_VEGF,0.0,0.0,0.0,0.0,0.0,0.0,0.0,0.0,0.0,0.0
Stroma_mesenchymal_stromal_GranzymeB,0.0,0.0,0.0,0.0014509925047877154,0.0,0.0,0.0,0.0,0.0,0.002
Stroma_mesenchymal_stromal_Ki67,0.0,0.0,0.0,0.0,0.0,0.0,0.0,0.0,0.0,0.0
Stroma_mesenchymal_stromal_HLA-DR,0.0,0.0,0.0,0.0,0.0,0.0,0.0,0.0,0.0,0.0
Stroma_vascular_endothelium_glandfront_ERa,0.0,0.0,0.0,0.0,0.0,0.0,0.0,6.8962224170233235e-06,0.0004312622410185305,0.002545854518439963
Stroma_vascular_endothelium_glandfront_PR,0.0,0.0,0.0,0.0,0.0,0.0,0.0,0.0,3.583509234645567e-05,6.238284286063639e-06
Stroma_vascular_endothelium_glandfront_pP38,0.0,0.0,0.0,0.0,0.0,0.0,0.0,0.0,0.0,0.0
Stroma_vascular_endothelium_glandfront_VEGF,0.0,0.0,0.0,0.0,0.0,0.0,0.0,2.328217522204062e-05,0.0,0.0
Stroma_vascular_endothelium_glandfront_GranzymeB,0.0,0.0,0.0,0.0018119646376815166,0.0025176442902727606,0.002715840054826653,0.0012915730159691764,0.001330572359306016,0.002823233221319351,0.000488255879300016
Stroma_vascular_endothelium_glandfront_Ki67,0.0,0.0,0.0,0.0002640451991870053,0.003089066051250616,0.004167890307544497,0.004250859915488388,0.004318860630195025,0.004666278661953018,0.004831739385813534
Stroma_vascular_endothelium_glandfront_HLA-DR,0.0,0.0,0.0,0.0,0.0,0.0,0.0,1.008325099891085e-05,0.0008868974654336457,0.00285728822908304
Stroma_vascular_endothelium_stromal_ERa,0.0,0.0,0.0,0.0,0.0,0.0,0.0,0.0,0.0,0.0
Stroma_vascular_endothelium_stromal_PR,0.0,0.0,0.0,0.0,0.0,0.0,0.0,0.0,0.0,0.0
Stroma_vascular_endothelium_stromal_pP38,0.0,0.0,0.0,0.0,0.0,0.0,0.0,0.0,0.0,0.0
Stroma_vascular_endothelium_stromal_VEGF,0.0,0.0,0.0,0.0,0.0,0.0,0.0,0.0,0.00018042728453192803,0.0012361453741734755
Stroma_vascular_endothelium_stromal_GranzymeB,0.0,0.0,0.002,0.0002970285921455558,0.005743288855923801,0.006949967043769043,0.007005596474390203,0.0077632572769059304,0.004416981829355326,0.003919644548975273
Stroma_vascular_endothelium_stromal_Ki67,0.0,0.0,0.0,0.0,0.0,0.0,0.0,0.0,0.0,0.0
Stroma_vascular_endothelium_stromal_HLA-DR,0.0,0.0,0.0,0.0,0.0,0.0,0.0,0.0,0.0,0.0
Stroma_fibroblast_glandfront_ERa,0.0,0.0,0.0,0.0,0.0,0.0,0.0,0.0,0.0,0.0
Stroma_fibroblast_glandfront_PR,0.0,0.0,0.0,0.0,0.0,0.0,0.0,0.0,0.0,0.0
Stroma_fibroblast_glandfront_pP38,0.0,0.0,0.0,0.002,0.002,0.002,0.002136307145824814,0.002205152308066365,0.0025855116385539996,0.002258871779131743
Stroma_fibroblast_glandfront_VEGF,0.0,0.0,0.0,0.0,0.0006071329061651823,5.08579286788315e-05,0.0006026881096835329,0.0,0.0,0.0
Stroma_fibroblast_glandfront_GranzymeB,0.0,0.0,0.0,0.009861700357662814,0.004007280088977224,0.005542583939867889,0.00482729006576712,0.006767331864803012,0.008302963699191623,0.006863702871090387
Stroma_fibroblast_glandfront_Ki67,0.0,0.0,0.0,0.0,0.0007049737755990631,0.0015120759420288877,0.0019087302955542442,0.001910008469834449,0.002900326059125718,0.005045121182353709
Stroma_fibroblast_glandfront_HLA-DR,0.0,0.0,0.0,0.0,0.0,0.0,0.0,0.0,0.0,0.00020112895894197294
Stroma_fibroblast_stromal_ERa,0.0,0.0,0.0,0.0,0.0,0.0,0.0,0.0,0.0,0.0
Stroma_fibroblast_stromal_PR,0.0,0.0,0.0,0.0,0.0,0.0,0.0,0.0,0.0,0.0
Stroma_fibroblast_stromal_pP38,0.0,0.0,0.0,0.0,0.0,0.0,0.0,0.0,0.0,0.0
Stroma_fibroblast_stromal_VEGF,0.0,0.0,0.0,0.0,0.0,0.0,0.0,0.0,0.0,0.0
Stroma_fibroblast_stromal_GranzymeB,0.0,0.0,0.0,0.01571811851209154,0.024453262951932734,0.02771842652635284,0.028582771207304382,0.030583624381986044,0.035921663311919344,0.04058568092472424
Stroma_fibroblast_stromal_Ki67,0.0,0.0,0.0,0.0,0.0,0.0,0.0,0.0,0.0,0.0
Stroma_fibroblast_stromal_HLA-DR,0.0,0.0,0.0,0.0,0.0,0.0,0.0,0.0,0.0,0.0002403830802711231
NK_cells_CD56brCD16-_glandfront_ERa,0.0,0.0,0.0,0.0,0.0,0.0,0.0,0.0,0.0,0.0
NK_cells_CD56brCD16-_glandfront_PR,0.0,0.0,0.0,0.0,0.0,0.0,0.0007296502084373477,0.0,0.0005760015119607113,0.0013053862155461738
NK_cells_CD56brCD16-_glandfront_pP38,0.0,0.0,0.0,0.0006428441952803325,0.004804941293365063,0.005427450559522085,0.0051867976428511256,0.006668436648152268,0.006270480570680831,0.007435724272557611
NK_cells_CD56brCD16-_glandfront_VEGF,0.0,0.0,0.0,0.0,0.0,0.0,0.0,0.0,0.0,0.0
NK_cells_CD56brCD16-_glandfront_GranzymeB,0.0,0.0,0.0,0.0,0.0,0.0,0.0,0.0,0.0,0.00020141404967989046
NK_cells_CD56brCD16-_glandfront_Ki67,0.0,0.0,0.0,0.0,0.0021833598867135456,0.003419370820469099,0.004083187209518816,0.005060548351078787,0.005761165491245137,0.00510054971330657
NK_cells_CD56brCD16-_glandfront_TIM3,0.0,0.0,0.0,0.0,0.0003489909924035263,0.0005095328495046752,0.0008455845324126364,0.0011454303023264807,0.0017140594320214362,0.0023750213854886572
NK_cells_CD56brCD16-_glandfront_HLA-DR,0.0,0.0,0.0,0.0001528546511230842,0.0007653474765708718,0.0012595310863989307,0.002026791946183662,0.0016730572646718328,0.0033608817729367142,0.0067651991663624615
NK_cells_CD56brCD16-_stromal_ERa,0.0,0.0,0.0,0.0,0.0,0.0,0.0,0.0,0.0,0.0
NK_cells_CD56brCD16-_stromal_PR,0.0,0.0,0.0,0.0,0.0,0.0,0.0,0.0,0.0,0.0
NK_cells_CD56brCD16-_stromal_pP38,0.0,0.0,0.0,0.0,0.0,0.0,0.0,0.0,0.0,0.0
NK_cells_CD56brCD16-_stromal_VEGF,0.0,0.0,0.0,0.0,0.0,0.0,0.0,0.0,0.0,0.0
NK_cells_CD56brCD16-_stromal_GranzymeB,0.0,0.0,0.004,0.013865576425116934,0.012523394667687966,0.014094201480485262,0.014773352697529886,0.016133631910808063,0.016872690226991994,0.015791947950950583
NK_cells_CD56brCD16-_stromal_Ki67,0.0,0.0,0.0,0.0,0.0,0.0,0.0,0.0,0.0,7.817915417430796e-05
NK_cells_CD56brCD16-_stromal_TIM3,0.0,0.0,0.0,0.01326733384217502,0.01789572849456581,0.020749451307838732,0.022886784235470494,0.025148093394094934,0.02780080357528518,0.02738314838596506
NK_cells_CD56brCD16-_stromal_HLA-DR,0.0,0.0,0.0,0.0,0.0,0.0,0.0,0.0,0.0,0.0
NK_cells_CD56dimCD16+_glandfront_ERa,0.0,0.0,0.0,0.0,0.0,0.0,0.0,0.0,0.0,0.0
NK_cells_CD56dimCD16+_glandfront_PR,0.0,0.0,0.0,0.0,0.0,0.0,0.0,0.00016180994840140313,0.000838366944640191,0.001168878978866566
NK_cells_CD56dimCD16+_glandfront_pP38,0.0,0.0,0.0,0.0,0.0,0.0,0.00030174999890598443,0.0006774279848715723,0.0006093819279094857,0.00037034924954844903
NK_cells_CD56dimCD16+_glandfront_VEGF,0.0,0.0,0.0,0.0007046617065164873,0.0013243697025378108,0.0020556917616173487,0.0026432332143331736,0.0026075790953878145,0.0031656954385132076,0.0032935941738561326
NK_cells_CD56dimCD16+_glandfront_GranzymeB,0.0,0.0,0.0,0.01075961462597242,0.008468979830331376,0.009358388112368218,0.010170102086288406,0.010460993316036402,0.011299599387530645,0.013883170761011351
NK_cells_CD56dimCD16+_glandfront_Ki67,0.0,0.0,0.0,0.0,0.0,0.0,0.0,0.0,0.00026239275733566273,0.0014318364987472385
NK_cells_CD56dimCD16+_glandfront_TIM3,0.0,0.0,0.0,0.0,0.0,0.0,0.0,0.0,0.0,0.00020691052894357035
NK_cells_CD56dimCD16+_glandfront_HLA-DR,0.0,0.0,0.0,0.0,0.00010566819180226966,0.0005744285986898214,0.0006137630278055164,0.0006872446869590833,0.0006368186584646101,0.0008474915425948571
NK_cells_CD56dimCD16+_intragland_ERa,0.0,0.0,0.0,0.0,0.0,0.0,0.0,0.0,0.0,0.0
NK_cells_CD56dimCD16+_intragland_PR,0.0,0.0,0.0,0.0,0.0004873042506502329,0.0,0.0,0.0,0.0,0.0
NK_cells_CD56dimCD16+_intragland_pP38,0.0,0.0,0.0,0.0,0.0,0.0,0.0,0.0,0.0,0.0
NK_cells_CD56dimCD16+_stromal_ERa,0.0,0.0,0.0,0.0,0.0,0.0,0.0,0.0,0.0,0.0
NK_cells_CD56dimCD16+_stromal_PR,0.0,0.0,0.0,0.0,0.0,0.0,0.0,0.0,0.0,0.0
NK_cells_CD56dimCD16+_stromal_pP38,0.0,0.0,0.0,0.0,0.0,0.0,0.0,0.0,0.0,0.0008196455954093186
NK_cells_CD56dimCD16+_stromal_VEGF,0.0,0.0,0.0,0.0,0.0,0.0,0.0,0.0,0.0,0.0
NK_cells_CD56dimCD16+_stromal_GranzymeB,0.0,0.0,0.0,0.0,0.0,0.0,0.0,0.0,0.0,0.0
NK_cells_CD56dimCD16+_stromal_Ki67,0.0,0.0,0.0,0.0,0.0,0.0,0.0,0.0,0.0,0.0
NK_cells_CD56dimCD16+_stromal_TIM3,0.0,0.0,0.0,0.0,0.0,0.0,0.0,0.0,0.0,0.0
NK_cells_CD56dimCD16+_stromal_HLA-DR,0.0,0.0,0.0,0.0,0.0,0.0003028666155330119,0.00033500814311870984,0.0006491999843653343,0.0008071519216554468,0.0007246438790409242
NK_cells_CD56brCD16-NKG2AhiTIM3hi_stromal_ERa,0.0,0.0,0.0,0.0,0.0,0.0,0.0,0.0,0.0,0.0
NK_cells_CD56brCD16-NKG2AhiTIM3hi_stromal_PR,0.0,0.0,0.0,0.0,0.0,0.0,0.0,0.0,0.0,0.0
NK_cells_CD56brCD16-NKG2AhiTIM3hi_stromal_pP38,0.0,0.0,0.0,0.0,0.0,0.0,0.0,0.0,0.0,0.0
NK_cells_CD56brCD16-NKG2AhiTIM3hi_stromal_VEGF,0.0,0.0,0.0,0.0,0.0,0.0,0.0,0.0,0.0,0.0
NK_cells_CD56brCD16-NKG2AhiTIM3hi_stromal_GranzymeB,0.0,0.0,0.002,0.014156486394646955,0.016299006216085443,0.017446367288065763,0.017852409195247648,0.01937413067404101,0.020940875902024907,0.021424769975685102
NK_cells_CD56brCD16-NKG2AhiTIM3hi_stromal_Ki67,0.0,0.0,0.0,0.0,0.0,0.0,0.0,0.0,0.0,0.0
NK_cells_CD56brCD16-NKG2AhiTIM3hi_stromal_TIM3,0.0,0.0,0.0,0.0,0.0,0.0,0.0,0.0,0.0,0.0
NK_cells_CD56brCD16-NKG2AhiTIM3hi_stromal_HLA-DR,0.0,0.0,0.0,0.0,0.0,0.0,0.0,0.0,0.0,0.0
NK_cells_CD56brCD16-TIM3hi_glandfront_ERa,0.0,0.0,0.0,0.0,0.001099645540548147,0.0012488465611388512,0.0008489365361593181,0.0002775398793223047,0.0,0.0004694057195920281
NK_cells_CD56brCD16-TIM3hi_glandfront_PR,0.0,0.0,0.0,0.0,0.0,0.0,0.0,0.0005121034365527825,0.0010033284174200934,0.0
NK_cells_CD56brCD16-TIM3hi_glandfront_pP38,0.0,0.0,0.0,0.004984961957198453,0.010829695245410303,0.016208348875435114,0.020050623941268143,0.020709337050292036,0.02389766628128793,0.026901491246604722
NK_cells_CD56brCD16-TIM3hi_glandfront_VEGF,0.0,0.0,0.0,0.0,0.0,0.0,0.0,0.0,0.0,0.0
NK_cells_CD56brCD16-TIM3hi_glandfront_GranzymeB,0.0,0.0,0.0,0.0003733567629474894,0.001494457788851844,0.002272543162506477,0.002605455401751608,0.003048642999932885,0.0029456997096573823,0.0022020765998932994
NK_cells_CD56brCD16-TIM3hi_glandfront_Ki67,0.0,0.0,0.0,0.0,0.0,0.0,0.001516272615130791,0.0018321569813788585,0.002811287212185877,0.0025802729755643916
NK_cells_CD56brCD16-TIM3hi_glandfront_TIM3,0.0,0.0,0.0,0.0,0.00012171925913748963,0.00036634721181015296,0.0003145234584746931,0.00030629754042672537,0.00040269479763449935,0.001132403299673254
NK_cells_CD56brCD16-TIM3hi_glandfront_CD27,0.0,0.0,0.0,0.0,0.0,0.0,0.0,0.0,0.0,0.0
NK_cells_CD56brCD16-TIM3hi_glandfront_HLA-DR,0.0,0.0,0.0,0.003294020719062314,0.008507723094139495,0.008918339578297973,0.009485243925183493,0.007899279288414805,0.00850447176980787,0.012824589263180291
NK_cells_CD56brCD16-TIM3hi_stromal_ERa,0.0,0.0,0.0,0.0,0.0,0.0,0.0,0.0,0.0,0.0
NK_cells_CD56brCD16-TIM3hi_stromal_PR,0.0,0.0,0.0,0.0,0.0,0.0,0.0,0.0,0.0,0.0
NK_cells_CD56brCD16-TIM3hi_stromal_pP38,0.0,0.0,0.0,0.0,0.0,0.0,0.0,0.0,0.0,0.0
NK_cells_CD56brCD16-TIM3hi_stromal_VEGF,0.0,0.0,0.0,0.0,0.0,0.0,0.0,0.0,0.0,0.0
NK_cells_CD56brCD16-TIM3hi_stromal_GranzymeB,0.0,0.0,0.006,0.0060524857242345185,0.015440741737908027,0.01903473219326062,0.021303256567761542,0.023087159490716543,0.025547569449824704,0.03200209416413419
NK_cells_CD56brCD16-TIM3hi_stromal_Ki67,0.0,0.0,0.0,0.0,0.0,0.0,0.0,0.0,0.0,0.0033583519969224577
NK_cells_CD56brCD16-TIM3hi_stromal_TIM3,0.0,0.0,0.0,0.0,0.0015741136805429786,0.0025078154984731257,0.003432453635285723,0.003245202662656288,0.003933272672840731,0.006738740759184842
NK_cells_CD56brCD16-TIM3hi_stromal_HLA-DR,0.0,0.0,0.0,0.0,0.0,0.0,0.0,0.0,0.0,0.0
NK_cells_CD56dimCD16+CD9hi_glandfront_ERa,0.0,0.0,0.0,0.0,0.0,0.0,0.0,0.0,0.0,0.0
NK_cells_CD56dimCD16+CD9hi_glandfront_PR,0.0,0.0,0.0,0.0,0.0,0.0,0.0,0.0,0.0,0.0
NK_cells_CD56dimCD16+CD9hi_glandfront_pP38,0.0,0.0,0.0,0.0,0.0,0.0,0.0,0.0,0.0,0.0
NK_cells_CD56dimCD16+CD9hi_glandfront_VEGF,0.0,0.0,0.0,0.0,0.0,0.00034101155313122177,0.0010890940139750233,0.0010707106696412174,0.0008660678331399482,6.888497719121418e-05
NK_cells_CD56dimCD16+CD9hi_glandfront_GranzymeB,0.0,0.0,0.0,0.0,0.0005917649763606262,0.0016964736576446176,0.0014035099611954022,0.0017715197849049109,0.00417786703949134,0.005324407231657133
NK_cells_CD56dimCD16+CD9hi_glandfront_Ki67,0.0,0.0,0.0,0.0,0.0,0.0,0.0,0.0,0.0,0.0
NK_cells_CD56dimCD16+CD9hi_glandfront_HLA-DR,0.0,0.0,0.0,0.0,0.0,0.0003265000106596374,0.00032336280782358304,0.00019029500913062488,8.846414254983146e-05,2.405821540387589e-05
NK_cells_CD56dimCD16+CD9hi_intragland_ERa,0.0,0.0,0.0,0.0,0.0,0.0,0.0,0.0,0.0,0.0
NK_cells_CD56dimCD16+CD9hi_intragland_PR,0.0,0.0,0.0,0.0,0.0,0.0,0.0,0.0,0.0,0.0
NK_cells_CD56dimCD16+CD9hi_intragland_pP38,0.0,0.0,0.0,0.00037305065759263664,0.0013534683243294403,0.00199680959739349,0.002551618634547802,0.002922154065969925,0.0033633263621764375,0.002664203233935794
NK_cells_CD56dimCD16+CD9hi_intragland_VEGF,0.0,0.0,0.0,0.0,0.0,0.0,0.0,0.0,0.0,0.0
NK_cells_CD56dimCD16+CD9hi_intragland_GranzymeB,0.0,0.0,0.0,0.0,0.0,0.0,0.0,2.5721867682504368e-05,0.00021115065314577941,0.0
NK_cells_CD56dimCD16+CD9hi_intragland_Ki67,0.0,0.0,0.0,0.0,0.0004199497527447862,0.0010017191306290342,0.0013071204276679745,0.0017275071908681252,0.0023438503982201398,0.0037784734728109125
NK_cells_CD56dimCD16+CD9hi_intragland_HLA-DR,0.0,0.0,0.0,0.0,0.0,0.0,4.860223452878418e-05,8.494698921489435e-05,0.000185996424408591,0.0005208528315719669
NK_cells_CD56dimCD16+CD9hi_stromal_ERa,0.0,0.0,0.0,0.0,0.0,0.0,0.0,0.0,0.0,0.0
NK_cells_CD56dimCD16+CD9hi_stromal_PR,0.0,0.0,0.0,0.0,0.0,0.0,0.0,0.0,0.0,0.0
NK_cells_CD56dimCD16+CD9hi_stromal_pP38,0.0,0.0,0.0,0.0,0.0,0.0,0.0,0.0,0.0,0.0
NK_cells_CD56dimCD16+CD9hi_stromal_VEGF,0.0,0.0,0.0,0.0,0.0,0.0,0.0,0.0,0.0,0.0
NK_cells_CD56dimCD16+CD9hi_stromal_GranzymeB,0.0,0.0,0.0,0.0,0.0,0.0,0.0,0.0,0.0,8.432162328627728e-05
NK_cells_CD56dimCD16+CD9hi_stromal_Ki67,0.0,0.0,0.0,0.0,0.0,0.0,0.0,0.0,0.0,0.0
NK_cells_CD56dimCD16+CD9hi_stromal_HLA-DR,0.0,0.0,0.0,0.0,0.0,0.0,0.0,0.0,0.0,0.0
NK_cells_CD56brCD16-CD9hi_glandfront_ERa,0.0,0.0,0.0,0.0,0.0,0.0,0.0,0.0,0.0,0.0
NK_cells_CD56brCD16-CD9hi_glandfront_PR,0.0,0.0,0.0,0.0,9.860766215451035e-06,0.0008627119969495065,0.0011705255552110683,0.0006248772776987459,0.001638542391568662,0.0015204572346865731
NK_cells_CD56brCD16-CD9hi_glandfront_pP38,0.0,0.0,0.0,0.0018676693880247343,0.0026514702374957153,0.004091036038711193,0.005942095422790301,0.008013037018606116,0.008957818614581833,0.012805640884916427
NK_cells_CD56brCD16-CD9hi_glandfront_VEGF,0.0,0.0,0.0,0.0005084915008072389,0.002858116968056188,0.0030867144587289983,0.0035442379483807563,0.0037217711265618812,0.003601152860394764,0.003458822282810569
NK_cells_CD56brCD16-CD9hi_glandfront_GranzymeB,0.0,0.0,0.0,0.0,0.0,0.0,0.0,0.0,0.0,0.0001423996441100806
NK_cells_CD56brCD16-CD9hi_glandfront_Ki67,0.0,0.0,0.0,0.0,0.00026265810772622863,0.0010235636626502495,0.0015424971089622263,0.001733847528726393,0.00215259839062929,0.004061058009053152
NK_cells_CD56brCD16-CD9hi_glandfront_HLA-DR,0.0,0.0,0.0,0.0006535080846000229,0.0008537862342012373,0.0021327591346210796,0.0022179873911436347,0.0024485247508664165,0.0025292075176565885,0.006707421217400445
NK_cells_CD56brCD16-CD9hi_stromal_ERa,0.0,0.0,0.0,0.0,0.0,0.0,0.0,0.0,0.0,0.0
NK_cells_CD56brCD16-CD9hi_stromal_PR,0.0,0.0,0.0,0.0,0.0,0.0,0.0,0.0,0.00011323473145707404,0.0004889105328116024
NK_cells_CD56brCD16-CD9hi_stromal_pP38,0.0,0.0,0.0,0.0,0.0,0.0,0.0,0.0,0.0,0.0
NK_cells_CD56brCD16-CD9hi_stromal_VEGF,0.0,0.0,0.0,0.0,0.0,0.0,0.0,0.0,0.0,0.0
NK_cells_CD56brCD16-CD9hi_stromal_GranzymeB,0.0,0.0,0.0,9.401629326868815e-05,0.0,0.0,0.0,0.0,0.0,0.0
NK_cells_CD56brCD16-CD9hi_stromal_Ki67,0.0,0.0,0.0,0.0,0.0,0.0,0.0,0.0,0.0,0.0
NK_cells_CD56brCD16-CD9hi_stromal_HLA-DR,0.0,0.0,0.0,0.0002914543741883231,0.0027077555216771985,0.004364951894863667,0.005727782739416877,0.005849696189449627,0.006251123018762725,0.006836690155528643
Macrophages_M1-like_glandfront_ERa,0.0,0.0,0.0,0.0,0.0,0.0,0.00027594701826457623,0.0,0.0,0.0
Macrophages_M1-like_glandfront_PR,0.0,0.0,0.0,0.0,0.0,0.0,0.0,0.00036585771680236375,0.000990257847400392,0.0018703081288159234
Macrophages_M1-like_glandfront_pP38,0.0,0.0,0.0,0.0,0.0,0.0,0.0,0.0,0.0,0.0
Macrophages_M1-like_glandfront_VEGF,0.0,0.0,0.0,0.0,0.0,0.0,0.0,0.0,0.0,0.0
Macrophages_M1-like_glandfront_GranzymeB,0.0,0.0,0.0,0.0,0.0,0.0,0.0006845610266949155,5.6109431899623685e-05,0.0001309453623064309,0.00178346739405168
Macrophages_M1-like_glandfront_Ki67,0.0,0.0,0.0,0.0,0.0,0.0,0.0,0.0,0.0,0.0
Macrophages_M1-like_glandfront_TIM3,0.0,0.0,0.0,0.0014145766193453038,0.002153345428403162,0.00317829648252158,0.003922343591030607,0.004584333932350344,0.005202817329902749,0.005573535863786002
Macrophages_M1-like_glandfront_HLA-DR,0.0,0.0,0.0,0.0,0.0,0.0,0.0,0.0,0.0,0.0
Macrophages_M1-like_stromal_ERa,0.0,0.0,0.0,0.0,0.0,0.0,0.0,0.0,0.0,0.0
Macrophages_M1-like_stromal_PR,0.0,0.0,0.0,0.0,0.0,0.0,0.0,0.0,0.0,0.0
Macrophages_M1-like_stromal_pP38,0.0,0.0,0.0,0.0,0.0,0.0,0.0,0.0,0.0,0.0
Macrophages_M1-like_stromal_VEGF,0.0,0.0,0.0,0.0,0.0,0.0,0.0,0.0,0.0,0.0
Macrophages_M1-like_stromal_GranzymeB,0.0,0.0,0.03,0.07970411760861268,0.07949933063775154,0.08277980495661874,0.08281885325757403,0.0830476675562854,0.08891143572647331,0.09613516281672965
Macrophages_M1-like_stromal_Ki67,0.0,0.0,0.0,0.0,0.0006739423318471961,0.0005600623046804139,0.00044493215604175513,0.0006370631965304463,0.0003537557438571477,0.0009920967009839736
Macrophages_M1-like_stromal_HLA-DR,0.0,0.0,0.0,0.0,0.0,0.0,0.0,0.0,0.0,0.0
Macrophages_M2-like_glandfront_ERa,0.0,0.0,0.0,0.0,0.0,0.0,0.0,0.0,0.0,0.0
Macrophages_M2-like_glandfront_PR,0.0,0.0,0.0,0.0003568194760477739,0.0017652794575417179,0.0021872026526547315,0.002468646461241429,0.0024915005155346443,0.0010687511132719376,0.000677766573950671
Macrophages_M2-like_glandfront_pP38,0.0,0.0,0.0,0.0,0.0008418223447738631,0.0016793368301142035,0.0018708593385908935,0.0016827908570456645,0.002,0.0013690065971838031
Macrophages_M2-like_glandfront_VEGF,0.0,0.0,0.0,0.0,0.0,0.0,0.0,0.0,0.0,0.0
Macrophages_M2-like_glandfront_GranzymeB,0.0,0.0,0.002,0.0035990488092807853,0.005070539431557195,0.00448276059101159,0.004740845174456016,0.004704467746987496,0.004497560873108184,0.006507354864826732
Macrophages_M2-like_glandfront_Ki67,0.0,0.0,0.0,0.002,0.002,0.002,0.0017131515525209608,0.002,0.002,0.0012849953256667416
Macrophages_M2-like_glandfront_TIM3,0.0,0.0,0.0,0.0,0.0,6.797750212212536e-05,0.00011671638191775026,0.0001861566487748313,0.0003632559862757045,0.0004897167980072655
Macrophages_M2-like_glandfront_HLA-DR,0.0,0.0,0.0,0.0,0.0003374195660161949,0.00047270203051327065,0.0004902230609922027,0.0004986313918224624,0.0005062421662900705,0.000584425813351913
Macrophages_M2-like_stromal_ERa,0.0,0.0,0.0,0.0,0.0,0.0,0.0,0.0,0.0,0.0
Macrophages_M2-like_stromal_PR,0.0,0.0,0.0,0.0,0.0,0.0,0.0,0.0,0.0,0.0
Macrophages_M2-like_stromal_pP38,0.0,0.0,0.0,0.0,0.0,0.0,0.0,0.0,0.0,0.0
Macrophages_M2-like_stromal_VEGF,0.0,0.0,0.0,0.0,0.0,0.0,0.0,0.0,0.0,0.0
Macrophages_M2-like_stromal_GranzymeB,0.0,0.0,0.01505067508519048,0.06700981464929806,0.07210482110215374,0.07763320803502757,0.07825914617752154,0.07609336341599035,0.07566415664905803,0.06958121323213427
Macrophages_M2-like_stromal_Ki67,0.0,0.0,0.0,0.0,0.0,0.0,0.0,0.0,0.0,0.0
Macrophages_M2-like_stromal_TIM3,0.0,0.0,0.0,0.0,0.0,0.0,0.0,0.0,0.0,0.0
Macrophages_M2-like_stromal_HLA-DR,0.0,0.0,0.0,0.0,0.0,0.0,0.0,0.0,0.0,0.0
Macrophages_M1_M2_glandfront_ERa,0.0,0.0,0.0,0.0,0.0,0.0,0.0,0.0,0.0,0.0
Macrophages_M1_M2_glandfront_PR,0.0,0.0,0.0,0.0,0.0,0.0,0.0,0.0,0.0,0.0
Macrophages_M1_M2_glandfront_pP38,0.0,0.0,0.0,0.0002903506601374634,0.0007161484768561065,0.000847912030498105,0.0009098653093129019,0.0008615535751528481,0.0012612896760643801,0.0015894321680074409
Macrophages_M1_M2_glandfront_VEGF,0.0,0.0,0.0,0.0,0.0,0.0,0.0,0.0,0.0,0.00014863250567820842
Macrophages_M1_M2_glandfront_GranzymeB,0.0,0.0,0.0,0.0,0.0011284091974563403,0.0012843090163557635,0.0012997965378743334,0.0016334994353501314,0.0014711944019852518,0.0012825556925578074
Macrophages_M1_M2_glandfront_Ki67,0.0,0.0,0.0,0.0017906572589524972,0.0023192961314818876,0.0027024163667786435,0.00262254194490692,0.002703206112964131,0.002634324888949272,0.001278333265435725
Macrophages_M1_M2_glandfront_TIM3,0.0,0.0,0.0,0.0,0.000494823994622413,0.00042910118243453556,0.0005459862843379273,0.0007491649540395042,0.0011876343049702616,0.002540569182313523
Macrophages_M1_M2_glandfront_HLA-DR,0.0,0.0,0.0,0.0021515309339202233,0.003353057362716923,0.0035040483976548206,0.004114968636253758,0.0045238204895159,0.006155566435949645,0.007295513851581535
Macrophages_M1_M2_stromal_ERa,0.0,0.0,0.0,0.0,0.0007258467057662831,0.0003776286295313255,0.0003193080956373608,6.793569855919033e-05,0.0008950250610658088,0.0007356897474449453
Macrophages_M1_M2_stromal_PR,0.0,0.0,0.0,0.00526454681244581,0.005324750554685178,0.005721746911332342,0.0070332139618941615,0.0075240840830953035,0.008476789449634058,0.008444552339430063
Macrophages_M1_M2_stromal_pP38,0.0,0.0,0.0,0.0,0.0,0.0004291756866085459,0.0005996929415523232,0.0006253457243585937,0.0012466468047436488,0.0013426915357874747
Macrophages_M1_M2_stromal_VEGF,0.0,0.0,0.004,0.0117864789534354,0.013330440554076237,0.015230287244061006,0.015353361035499103,0.016144222205373406,0.018144543917970643,0.015491764016689674
Macrophages_M1_M2_stromal_GranzymeB,0.0,0.0,0.002,0.027359582972649475,0.03625408488638066,0.04027780692643892,0.04139228449501724,0.04223761511922969,0.04022651078560706,0.041369397687275045
Macrophages_M1_M2_stromal_Ki67,0.0,0.0,0.0,0.0,0.0,0.0,0.0,0.0,0.0,0.0
Macrophages_M1_M2_stromal_TIM3,0.0,0.0,0.0,0.0,0.0,0.0,0.0,0.0,0.0,0.0
Macrophages_M1_M2_stromal_HLA-DR,0.0,0.0,0.0,0.0,0.0,0.0,0.0,0.0,0.0,0.0
Macrophages_MDSC_glandfront_ERa,0.0,0.0,0.0,0.0,0.0,0.0,0.0,0.0,0.0,0.0
Macrophages_MDSC_glandfront_PR,0.0,0.0,0.0,0.0,0.0,0.0,0.0,0.0,0.0,0.0
Macrophages_MDSC_glandfront_pP38,0.0,0.0,0.0,0.0,0.0,0.0,0.0,0.0,0.00019985099320916073,0.0005707485030076929
Macrophages_MDSC_glandfront_VEGF,0.0,0.0,0.0,0.0,0.0,0.0,1.9343943252822198e-05,0.0002507845631272336,0.0004821295398866624,0.00019406059151943247
Macrophages_MDSC_glandfront_GranzymeB,0.0,0.0,0.004,0.023382975759299575,0.03152332682128581,0.03347841079346175,0.034192046719841565,0.03677667427938947,0.038630978624361406,0.03725162784694598
Macrophages_MDSC_glandfront_Ki67,0.0,0.0,0.0,0.0,0.0,0.0,0.0,0.0,0.0,0.0
Macrophages_MDSC_glandfront_TIM3,0.0,0.0,0.0,0.0,0.0,0.0,0.0,0.0,0.0,0.0
Macrophages_MDSC_glandfront_HLA-DR,0.0,0.0,0.0,0.0,0.0,0.0,0.0,0.0006245113043763414,0.0012892348890293837,0.0009615229460939932
Macrophages_MDSC_stromal_ERa,0.0,0.0,0.0,0.0004800446171324574,0.00012163410307054276,0.00025257478138364625,3.322436915503063e-05,0.0004040274948830438,0.0,0.0
Macrophages_MDSC_stromal_PR,0.0,0.0,0.0,0.0,0.002106636540146716,0.0029568052536692166,0.0027943571619826004,0.002676003290346309,0.0033845565759438884,0.0024235451367169017
Macrophages_MDSC_stromal_pP38,0.0,0.0,0.0,0.0,0.0,0.0,0.0,0.0,0.00027115774716729283,0.00040617921386471766
Macrophages_MDSC_stromal_VEGF,0.0,0.0,0.0,0.0,0.00013283793186929797,0.0006776718363841598,0.0009066591685534629,0.0011260007991074296,0.00137942674966914,0.0015237888906481118
Macrophages_MDSC_stromal_GranzymeB,0.0,0.0,0.002,0.0041487661700460865,0.005115935308895535,0.004886767814070404,0.004574631177748541,0.0026160884547924475,0.005269941909185281,0.0105814222012215
Macrophages_MDSC_stromal_Ki67,0.0,0.0,0.0,0.0,0.0,2.243992807117326e-06,0.00019144668225043508,0.00021836854058440185,0.00022977701133461656,0.0015761492414331903
Macrophages_MDSC_stromal_TIM3,0.0,0.0,0.0,0.0,0.0,0.0,0.0,0.0,0.0,0.0
Macrophages_MDSC_stromal_HLA-DR,0.0,0.0,0.0,0.0,0.0,0.0,0.0,0.0,0.0,0.00033223995282379514
Dendritic_Cells_CD86+_glandfront_ERa,0.0,0.0,0.0,0.00012576305666406687,0.0,0.00021838582208558258,0.00025390599181163365,0.00031040191309927525,0.00026982910997497316,0.0016726929074213153
Dendritic_Cells_CD86+_glandfront_PR,0.0,0.0,0.0,0.0,0.0,0.0,0.0008915327074556427,0.0,0.0,0.0
Dendritic_Cells_CD86+_glandfront_pP38,0.0,0.0,0.0,0.0,0.00012578372217113742,0.0006498140702938404,0.0,0.0011318924945716911,0.0013181410974892412,0.0019138653593042017
Dendritic_Cells_CD86+_glandfront_VEGF,0.0,0.0,0.0,0.0,0.00029999331846275326,0.00037338957178488464,0.00035225255942199674,0.00031714664849239344,0.000975477200275764,0.0015575648656647645
Dendritic_Cells_CD86+_glandfront_GranzymeB,0.0,0.0,0.0,0.0,0.0005975327454114586,0.0009931860431673524,0.0008772269835288511,0.0007700698863951516,0.0009373690107191732,0.001042723143451182
Dendritic_Cells_CD86+_glandfront_Ki67,0.0,0.0,0.0,0.0007908140931405846,0.003978383691575654,0.005615348068417536,0.006825507532475852,0.006718757525833547,0.0062603415075890186,0.006351092240391072
Dendritic_Cells_CD86+_glandfront_HLA-DR,0.0,0.0,0.0,0.0,0.0009341355526809117,0.0013868328756916845,0.00205117583481616,0.002904988502517684,0.0034153527144489704,0.0032243391666198227
Dendritic_Cells_CD86+_intragland_ERa,0.0,0.0,0.0,0.0,0.0001352294341155564,0.0002478307174267897,0.0002946740636734237,0.0006176119848297178,0.0003753714997317207,0.0007783288303580575
Dendritic_Cells_CD86+_intragland_PR,0.0,0.0,0.0,0.0,0.0,0.0,0.0,0.0,0.0,0.00045458406312674456
Dendritic_Cells_CD86+_intragland_pP38,0.0,0.0,0.0,0.0,0.0,0.0006934311542968424,0.0007702352604953528,0.0007002355283511714,0.00031554251964553714,0.00018861355129557968
Dendritic_Cells_CD86+_intragland_GranzymeB,0.0,0.0,0.0,0.0,0.0008703850374828235,0.0020192149233455308,0.0024902418026487307,0.002587426918195772,0.0019782477807503266,0.0019185909489062318
Dendritic_Cells_CD86+_stromal_ERa,0.0,0.0,0.0,0.0,0.0,0.0006001980462681364,0.0008934368927200028,0.0009301699225548247,0.001396668294212532,0.0015022527143372976
Dendritic_Cells_CD86+_stromal_PR,0.0,0.0,0.0,0.0,0.0,0.0,0.0,0.0,0.0,0.0
Dendritic_Cells_CD86+_stromal_pP38,0.0,0.0,0.0,0.0,0.0,0.0,0.0,0.0,0.0,0.0
Dendritic_Cells_CD86+_stromal_VEGF,0.0,0.0,0.0,0.0,0.00080988772606706,0.0006726763831414233,0.00023507316794290563,0.0008648626346228313,0.0009959592858161156,0.0010980484093420914
Dendritic_Cells_CD86+_stromal_GranzymeB,0.0,0.0,0.0,0.01044476045195567,0.016813324853568148,0.0188598204680779,0.01897947746668447,0.021938426315354035,0.021795407441468923,0.023470681929836354
Dendritic_Cells_CD86+_stromal_Ki67,0.0,0.0,0.0,0.0,0.0,0.0,0.0002828994869004904,0.0004719686292626927,0.0015759405906805503,0.002634573634502024
Dendritic_Cells_CD86+_stromal_HLA-DR,0.0,0.0,0.0,0.0022739079724207936,0.009627062366281493,0.011056369102278396,0.011556781987778179,0.012408120570951385,0.011127360082959796,0.010558554522218287
Dendritic_Cells_CD33+_glandfront_ERa,0.0,0.0,0.0,0.0,0.0002295463688702399,0.00014500081614333545,0.0004772544630976516,0.0008375648155006714,0.001224699841773035,0.00427193564536888
Dendritic_Cells_CD33+_glandfront_PR,0.0,0.0,0.0,0.0,0.0,0.0,0.0,0.0,0.0,0.0
Dendritic_Cells_CD33+_glandfront_pP38,0.0,0.0,0.0,0.0,0.0,0.0,0.0,0.0,0.0,0.0
Dendritic_Cells_CD33+_glandfront_VEGF,0.0,0.0,0.0,0.0,0.0,0.0,0.0,0.0,0.0,0.0002548475705399187
Dendritic_Cells_CD33+_glandfront_GranzymeB,0.0,0.0,0.0,0.0,0.0,0.0,0.0,0.0,0.0,0.0012125842258336084
Dendritic_Cells_CD33+_glandfront_Ki67,0.0,0.0,0.0,0.0,0.0,0.0,1.489947667854411e-05,0.00030073823746569424,0.0017658355586523719,0.003108359245797816
Dendritic_Cells_CD33+_glandfront_HLA-DR,0.0,0.0,0.0,0.0,6.94173012341667e-05,0.00031065874505087777,0.0003341954525460731,0.00024690490654772425,0.0,0.0
Dendritic_Cells_CD33+_intragland_ERa,0.0,0.0,0.0,0.000472818181715687,0.0011912455507087348,0.0013949885626543836,0.0012853615358691046,0.0008049489556413894,0.000994008187546798,0.0008689376100807822
Dendritic_Cells_CD33+_intragland_PR,0.0,0.0,0.0,0.0,0.0,0.0,0.0,0.0,0.0,0.0
Dendritic_Cells_CD33+_intragland_pP38,0.0,0.0,0.0,0.0,0.0,0.0,0.0,0.0,0.0,0.0
Dendritic_Cells_CD33+_intragland_VEGF,0.0,0.0,0.0,0.0,5.288936331757714e-05,0.0006179146618401197,0.0007126416654731493,0.0006399768635203222,0.0002316962479445924,0.00035185151657731893
Dendritic_Cells_CD33+_intragland_GranzymeB,0.0,0.0,0.0,0.0016089667894422582,0.002350177943955466,0.003034102811160576,0.003212995883330697,0.004021093282174355,0.0037518342268067963,0.0032424240213037585
Dendritic_Cells_CD33+_intragland_Ki67,0.0,0.0,0.0,0.0017558887708611244,0.0070363430673807195,0.008053716637699763,0.008100040574950293,0.00746038442232926,0.006721524766676802,0.00441245171954325
Dendritic_Cells_CD33+_stromal_ERa,0.0,0.0,0.0,0.0,0.0,0.0,0.0,0.0,0.0,0.0006445444389807547
Dendritic_Cells_CD33+_stromal_PR,0.0,0.0,0.0,0.0,0.0,0.0,0.0,0.0,0.0,0.0
Dendritic_Cells_CD33+_stromal_pP38,0.0,0.0,0.0,0.0,0.0008455131943838032,0.0008174266897200928,0.0006316332097066884,0.0007384585444171401,0.0005091942127982903,0.0
Dendritic_Cells_CD33+_stromal_VEGF,0.0,0.0,0.0,0.0,0.0,0.0,0.0,0.0,0.0,0.0
Dendritic_Cells_CD33+_stromal_GranzymeB,0.0,0.0,0.032,0.09176563222368554,0.09105964858564154,0.08391269656256145,0.08480255168217,0.0835541289330522,0.08428310285213594,0.08109173435863994
Dendritic_Cells_CD33+_stromal_Ki67,0.0,0.0,0.0,0.0012376750893266942,0.0016461414883532858,0.0017338863003718138,0.002074545480268958,0.002158137651858163,0.0024007088829023937,0.002687971731798997
Dendritic_Cells_CD33+_stromal_HLA-DR,0.0,0.0,0.0,0.0,0.0,0.0,0.0,0.0,0.0,0.0
Dendritic_Cells_CD209CD86dp_glandfront_ERa,0.0,0.0,0.0,0.0031521936362923484,0.00265823938377482,0.0027742158478790665,0.002770881646044437,0.0027806809815174045,0.0027144413917031393,0.004854235585851423
Dendritic_Cells_CD209CD86dp_glandfront_PR,0.0,0.0,0.0,0.00408820357645939,0.004675562349007073,0.004785608126341048,0.005219763880066451,0.00510907668606772,0.005822737924220466,0.005734383360938545
Dendritic_Cells_CD209CD86dp_glandfront_pP38,0.0,0.0,0.0,0.0,0.0,0.0,0.0,0.0,0.0,0.0
Dendritic_Cells_CD209CD86dp_glandfront_VEGF,0.0,0.0,0.0,0.0003021267978431713,0.0002821714456232122,0.0006741646244927007,0.0007073027581017902,0.001301255106078183,0.0017621846452280097,0.0009666607239224707
Dendritic_Cells_CD209CD86dp_glandfront_GranzymeB,0.0,0.0,0.027641562032586716,0.06025917986830913,0.07460673802973632,0.07957197780668156,0.0827044337517037,0.0858110608618664,0.08611849329867778,0.0924560299657476
Dendritic_Cells_CD209CD86dp_glandfront_Ki67,0.0,0.0,0.002038949649130962,0.009665620953393534,0.02334009729907015,0.029576209662398354,0.03198814677145437,0.03159243858999261,0.030706044691608644,0.029375934389977095
Dendritic_Cells_CD209CD86dp_glandfront_HLA-DR,0.0,0.0,0.0,0.003350910984956104,0.005840139782401078,0.007638367262913876,0.007539833347637209,0.009427839919987394,0.01484991361376285,0.019135985155564545
Dendritic_Cells_CD209CD86dp_stromal_ERa,0.0,0.0,0.0,0.0,0.0,0.0,0.0,0.0,0.0,0.00030696376741768625
Dendritic_Cells_CD209CD86dp_stromal_PR,0.0,0.0,0.0,0.0,0.0,0.00035661723210003894,0.0007582529692765472,0.0007783514698941456,0.0006800529220901146,0.0013691139756369173
Dendritic_Cells_CD209CD86dp_stromal_pP38,0.0,0.0,0.0,0.0,0.0,0.0,0.0,0.0,0.0,0.0
Dendritic_Cells_CD209CD86dp_stromal_VEGF,0.0,0.0,0.0,0.0,0.0,0.0,0.0,0.0,0.0,0.0
Dendritic_Cells_CD209CD86dp_stromal_GranzymeB,0.0,0.0,0.002,0.00899928712139664,0.00920676668217099,0.009254376646493392,0.008810172447853114,0.009582178310142552,0.009923301425136075,0.009611052950188043
Dendritic_Cells_CD209CD86dp_stromal_Ki67,0.0,0.0,0.0,0.0,0.0032590220085235958,0.005294591597603693,0.006394355169561742,0.007043764925721817,0.0070950066043616086,0.005572162166391845
Dendritic_Cells_CD209CD86dp_stromal_HLA-DR,0.0,0.0,0.0,0.0,0.0,0.0,0.0,0.0,0.0005599795645286318,0.0009760912855610758
Dendritic_Cells_CD209CD33dp_glandfront_ERa,0.0,0.0,0.0,0.0022990396670576007,0.0023228066641117965,0.0022958665309810947,0.002591061155329922,0.00209169637135448,0.002099576495413566,0.001699496673409335
Dendritic_Cells_CD209CD33dp_glandfront_PR,0.0,0.0,0.0,0.0,0.0,0.0,0.0,0.0,0.0,0.0
Dendritic_Cells_CD209CD33dp_glandfront_pP38,0.0,0.0,0.0,0.0,0.0,0.0,0.0,0.0,0.0,0.0
Dendritic_Cells_CD209CD33dp_glandfront_VEGF,0.0,0.0,0.0,0.0,0.0,0.0,0.0,0.0,0.0,0.0
Dendritic_Cells_CD209CD33dp_glandfront_GranzymeB,0.0,0.0,0.009633072659138972,0.03338328562994745,0.038968587458670226,0.037624336436736336,0.0362704132223496,0.03462748817339255,0.03260997109705036,0.032968239049733845
Dendritic_Cells_CD209CD33dp_glandfront_Ki67,0.0,0.0,0.0,0.0010069783782286582,0.0027595177833239157,0.0032377393704565776,0.003592774786048816,0.003543916255683301,0.002694882760176102,0.004823126663558351
Dendritic_Cells_CD209CD33dp_glandfront_HLA-DR,0.0,0.0,0.0,0.0,0.0,0.0,0.0,0.0,0.0,0.0
Dendritic_Cells_CD209CD33dp_stromal_ERa,0.0,0.0,0.0,0.0,0.0,0.0,0.0,0.0,0.0,0.0
Dendritic_Cells_CD209CD33dp_stromal_PR,0.0,0.0,0.0,0.0,0.0,0.0,0.0,0.0,0.0,0.0
Dendritic_Cells_CD209CD33dp_stromal_pP38,0.0,0.0,0.0,0.0,0.0,0.0,0.0,0.0,0.0,0.0
Dendritic_Cells_CD209CD33dp_stromal_VEGF,0.0,0.0,0.0,0.004545038572476536,0.006336600468529276,0.006303289061081861,0.006179369692896134,0.0068505277948023085,0.008037091213575539,0.008476001239330911
Dendritic_Cells_CD209CD33dp_stromal_GranzymeB,0.0,0.0,0.0,0.0,0.0,0.0,0.0,0.0,0.0,0.0
Dendritic_Cells_CD209CD33dp_stromal_Ki67,0.0,0.0,0.0,0.0,0.00012272235114930803,0.0,0.0,2.8425721067467664e-05,0.0,0.0
Dendritic_Cells_CD209CD33dp_stromal_HLA-DR,0.0,0.0,0.0,0.0,0.000431696883536174,0.000257189676605038,0.00012160274262220312,0.0004651151031440542,0.002109291572034461,0.0037936045308643897
Dendritic_Cells_CD86CD33dp_glandfront_ERa,0.0,0.0,0.0,0.0,0.0,0.0,0.0,0.0,0.0,0.0
Dendritic_Cells_CD86CD33dp_glandfront_PR,0.0,0.0,0.0,0.0,0.0,0.0,0.0,3.603824572821852e-05,0.000404340793411643,0.0027026542619066796
Dendritic_Cells_CD86CD33dp_glandfront_pP38,0.0,0.0,0.0,0.0,0.0,0.0,0.0,0.0,0.0,0.0
Dendritic_Cells_CD86CD33dp_glandfront_VEGF,0.0,0.0,0.0,0.0,0.0,0.0,0.0,4.0276599719313834e-05,0.0009354364940312758,0.0010710724165567359
Dendritic_Cells_CD86CD33dp_glandfront_GranzymeB,0.0,0.0,0.002,0.028991741231634973,0.03820974764665771,0.043558698439366175,0.04651097025967846,0.04833999900362508,0.05183374819673035,0.05261796708124281
Dendritic_Cells_CD86CD33dp_glandfront_Ki67,0.0,0.0,0.0,0.004653018284637928,0.010830711222829586,0.012376348674659534,0.012546255709979685,0.012784943439484235,0.012201421266363855,0.014370303490962343
Dendritic_Cells_CD86CD33dp_glandfront_HLA-DR,0.0,0.0,0.0,0.0,0.0004922540935746271,0.00039733189072006916,0.0005185675680977639,0.0007903586882836716,0.0012809067960893143,0.0017689596851186275
Dendritic_Cells_CD86CD33dp_stromal_ERa,0.0,0.0,0.0,0.0,0.0,0.0005069358363857547,0.0009711822869625736,0.0008865617399346078,0.00019476377811361708,0.00023370018949934188
Dendritic_Cells_CD86CD33dp_stromal_PR,0.0,0.0,0.0,0.0,0.0,0.0,0.0,0.0,0.0,1.8846890681298706e-05
Dendritic_Cells_CD86CD33dp_stromal_pP38,0.0,0.0,0.0,0.0,0.0,0.0,0.0,0.0,0.0,0.0
Dendritic_Cells_CD86CD33dp_stromal_VEGF,0.0,0.0,0.0,0.0,0.0,0.0,0.0,0.0,0.0,0.0
Dendritic_Cells_CD86CD33dp_stromal_GranzymeB,0.0,0.0,0.0,0.002,0.0030697462151893255,0.003968566720470504,0.004902358881709288,0.006140230943826509,0.008361006826736482,0.00958848954712475
Dendritic_Cells_CD86CD33dp_stromal_Ki67,0.0,0.0,0.0,0.0,0.0018445758647178145,0.0033295029185109472,0.003936498776623339,0.004892936053645723,0.004422418322995091,0.006411218504191109
Dendritic_Cells_CD86CD33dp_stromal_HLA-DR,0.0,0.0,0.0,0.0,0.00022164400687470074,0.0005868222598364636,0.0013331985188013366,0.0015035920824554298,0.001794366951263384,0.0024787920209272947
Neutrophils_glandfront_ERa,0.0,0.0,0.0,0.0,0.0,0.0,0.0,0.0,0.0,0.0
Neutrophils_glandfront_PR,0.0,0.0,0.0,0.0,0.0,0.0,0.0,0.0,0.0,0.0
Neutrophils_glandfront_pP38,0.0,0.0,0.0,0.0,0.0,0.0,0.0,0.0,0.0,0.0
Neutrophils_glandfront_VEGF,0.0,0.0,0.0,0.0,0.0007309751905071216,0.0010519714623881088,0.001125410723632788,0.001220062884452582,0.0011905924409322261,0.0008044195450135783
Neutrophils_glandfront_GranzymeB,0.0,0.0,0.0,0.0,9.401097339766277e-05,0.0011035576797930743,0.0011257569512515902,0.0009488219464693673,0.000864110633246931,0.0009510616953179537
Neutrophils_glandfront_Ki67,0.0,0.0,0.00026695570060393845,0.004868328150856292,0.009620056510451697,0.012594047347773292,0.014174860095273597,0.012920509347491123,0.01141612255905474,0.009435225298399377
Neutrophils_glandfront_HLA-DR,0.0,0.0,0.0,0.0,0.0,0.0,0.0,0.0,0.0,0.0
Neutrophils_stromal_ERa,0.0,0.0,0.0,0.0,0.0,0.0,0.0,0.0,0.0,0.0
Neutrophils_stromal_PR,0.0,0.0,0.0,0.0,0.0005830303644058011,0.0008337863057285085,0.0009914986083700505,0.0010508585595380515,0.0011627103225625463,0.001417067165191662
Neutrophils_stromal_pP38,0.0,0.0,0.0,0.0,0.0,0.0,0.0,0.0,0.0,0.0
Neutrophils_stromal_VEGF,0.0,0.0,0.0,0.0,0.0,0.0,0.0,0.0,0.0,0.0
Neutrophils_stromal_GranzymeB,0.0,0.0,0.0,0.0,1.6046916824065948e-05,0.0007392568325261907,0.0013184578236362086,0.0017302714437042522,0.0020425893895318886,0.0016560256996432483
Neutrophils_stromal_Ki67,0.0,0.0,0.0,0.0014387113687253904,0.004444354201034701,0.0050938566387795465,0.006841753390961627,0.007455417607133128,0.006213470543282712,0.006153204349545725
Neutrophils_stromal_HLA-DR,0.0,0.0,0.0,0.0,0.0,0.0,0.0,0.0,0.0,0.0
NKT_glandfront_ERa,0.0,0.0,0.0,0.0,0.0,0.0,0.0,0.0,0.0,0.0
NKT_glandfront_PR,0.0,0.0,0.0,0.0,0.0,0.0,0.0,0.0,0.0,0.0
NKT_glandfront_pP38,0.0,0.0,0.0,0.007721427461111864,0.01027924520045924,0.013676933106751008,0.01491732534479779,0.014193836018573545,0.013676215797385623,0.015070216720971651
NKT_glandfront_VEGF,0.0,0.0,0.0,0.0,0.0,0.0,0.0,0.0,0.0,0.0
NKT_glandfront_GranzymeB,0.0,0.0,0.0,0.0,0.0,0.0,0.000444605002643545,0.000653823779704618,0.0007939575929093681,0.0021915196650563367
NKT_glandfront_Ki67,0.0,0.0,0.01784652255958135,0.014121336489648065,0.025357634095585935,0.030391837478740864,0.03153905459633862,0.03043719665486382,0.02686943523878304,0.027301995417497445
NKT_glandfront_TIM3,0.0,0.0,0.0,0.0,0.0010482237385131383,0.0023416313992588545,0.0030909714219472953,0.0032890851784345893,0.003831260204228864,0.004010504725754247
NKT_glandfront_HLA-DR,0.0,0.0,0.0,0.0008661350508910613,0.0009222722172741684,0.0017359816050379355,0.0013031180597949824,0.0012515750548187491,0.001440365459689428,0.0011392526584615159
aSMA-br_fibroblast_glandfront_ERa,0.0,0.0,0.0,0.0,0.0,0.0,0.0,0.0,0.0,0.0
aSMA-br_fibroblast_glandfront_PR,0.0,0.0,0.0,0.0,0.0,0.0,0.0,0.0,0.0,0.0
aSMA-br_fibroblast_glandfront_pP38,0.0,0.0,0.0,0.0,0.0,0.0,0.0,0.0,0.0,0.0
aSMA-br_fibroblast_glandfront_VEGF,0.0,0.0,0.0,0.0,0.0,0.0,0.0,0.0,0.0,0.0
aSMA-br_fibroblast_glandfront_GranzymeB,0.0,0.0,0.0,0.002,0.002855007963766082,0.003122469525583655,0.003554916709051668,0.003427833633878825,0.005353904930615378,0.005455722615807271
aSMA-br_fibroblast_glandfront_Ki67,0.0,0.0,0.0,0.0,0.0,0.0,0.0,0.0,0.0,0.0
aSMA-br_fibroblast_glandfront_HLA-DR,0.0,0.0,0.0,0.0,0.0,0.0,0.0,0.0,0.0,0.0
aSMA-br_fibroblast_stromal_ERa,0.0,0.0,0.0,0.0,0.0,0.0,0.0,0.0,0.0,0.0
aSMA-br_fibroblast_stromal_PR,0.0,0.0,0.0,0.0,0.0,0.0,0.0,0.0,0.0,0.0
aSMA-br_fibroblast_stromal_pP38,0.0,0.0,0.0,0.0,0.0,0.0,0.0,0.0,0.0,0.0
aSMA-br_fibroblast_stromal_VEGF,0.0,0.0,0.0,0.0,0.0,0.0,0.0,0.0,0.0,0.0
aSMA-br_fibroblast_stromal_GranzymeB,0.0,0.0,0.0,0.00039344291565850895,0.001570723578043664,0.00038885334992344524,0.0008010628666189534,0.0018899577323954547,0.002161161147519184,0.007676652362661398
aSMA-br_fibroblast_stromal_Ki67,0.0,0.0,0.0,0.0,0.0,0.0,0.0,0.0,0.0,0.0
aSMA-br_fibroblast_stromal_HLA-DR,0.0,0.0,0.0,0.0,0.0,0.0,0.0,0.0,0.0,0.0
aSMA-br_mesenchymal_glandfront_ERa,0.0,0.0,0.0,0.0,0.000803668146382199,0.0,0.0,0.0,0.0,0.0
aSMA-br_mesenchymal_glandfront_PR,0.0,0.0,0.0,0.0,0.0,0.0,0.0,0.0,0.0,0.0007890424147551832
aSMA-br_mesenchymal_glandfront_pP38,0.0,0.0,0.0,0.0,0.0,0.0,0.0,0.0,0.0,0.0003193549043649788
aSMA-br_mesenchymal_glandfront_VEGF,0.0,0.0,0.0,0.0,0.0,0.0,0.0,0.0004525854151267248,0.0,0.0008699748107793104
aSMA-br_mesenchymal_glandfront_GranzymeB,0.0,0.0,0.0,0.010161175844601125,0.016911946366386536,0.017817642354098134,0.017005211154529996,0.019312553898766408,0.019943098619263203,0.020370741981595067
aSMA-br_mesenchymal_glandfront_Ki67,0.0,0.0,0.0,0.0,0.0,0.0,0.0,0.0,0.000189902745279739,0.0012066606353504667
aSMA-br_mesenchymal_glandfront_HLA-DR,0.0,0.0,0.0,0.0,0.0,0.0,0.0,0.0,0.0,0.0
aSMA-br_mesenchymal_stromal_ERa,0.0,0.0,0.0,0.0,0.0,0.0,0.0,0.0,0.0,0.0
aSMA-br_mesenchymal_stromal_PR,0.0,0.0,0.0,0.0,0.0009953724307230124,0.0011894218774901287,0.0013956530888018048,0.0014566938523244601,0.0014299653633883841,0.0019032465721875603
aSMA-br_mesenchymal_stromal_pP38,0.0,0.0,0.0,0.0,0.0,0.0,0.0,0.0,0.0,0.0
aSMA-br_mesenchymal_stromal_VEGF,0.0,0.0,0.0,0.0,0.0,0.0,0.0,0.0,0.0,0.0
aSMA-br_mesenchymal_stromal_GranzymeB,0.0,0.0,0.0,0.011760168026438658,0.020160484866627464,0.022949352442604574,0.025574496913147296,0.025469239907863494,0.02746227020159613,0.03296495902193341
aSMA-br_mesenchymal_stromal_Ki67,0.0,0.0,0.0,0.002884021029338797,0.0035019123709480265,0.0035809642119304964,0.003195653345441679,0.002662599180946338,0.0028464774803591297,0.004574240355903461
aSMA-br_mesenchymal_stromal_HLA-DR,0.0,0.0,0.0,0.0,0.0,0.0,0.0,0.0,0.0,0.0
aSMA-br_vascular_endothelium_glandfront_ERa,0.0,0.0,0.0,0.0,0.0003249619009585357,0.0007744001752384053,0.0013283185111288226,0.0006079312528397844,0.003176362601455241,0.004739338825960434
aSMA-br_vascular_endothelium_glandfront_PR,0.0,0.0,0.0,0.0,0.0,0.0,9.199110171280394e-05,0.00018018813724501867,0.0009292370842537514,0.0009280562010212374
aSMA-br_vascular_endothelium_glandfront_pP38,0.0,0.0,0.0,0.0,0.0,0.00016982179930523928,0.00034329736018963333,0.00038657041395992844,0.00021671111674100038,0.0
aSMA-br_vascular_endothelium_glandfront_VEGF,0.0,0.0,0.0,0.0,0.0,0.0,0.0,0.0,0.0,0.0
aSMA-br_vascular_endothelium_glandfront_GranzymeB,0.0,0.0,0.004,0.01524530809241955,0.012101087007265988,0.013077120242234501,0.01723096550572497,0.0248841013119527,0.031892534727449975,0.049468490582119766
aSMA-br_vascular_endothelium_glandfront_Ki67,0.0,0.0,0.0,0.0,0.0,0.0,0.0,0.0,0.0,0.0
aSMA-br_vascular_endothelium_glandfront_HLA-DR,0.0,0.0,0.0,0.0,0.0,0.0,0.0,0.0,0.0,0.0
aSMA-br_vascular_endothelium_stromal_ERa,0.0,0.0,0.0,0.0,0.0,0.0,0.0,0.0,0.0,0.0
aSMA-br_vascular_endothelium_stromal_PR,0.0,0.0,0.0,0.0,0.0,0.0,0.0,0.0,0.0,0.0
aSMA-br_vascular_endothelium_stromal_pP38,0.0,0.0,0.0,0.0,0.0,0.0,0.0,0.0,0.0,0.0
aSMA-br_vascular_endothelium_stromal_VEGF,0.0,0.0,0.0,0.0,0.0,0.0,0.0,0.0,0.0,0.0
aSMA-br_vascular_endothelium_stromal_GranzymeB,0.0,0.0,0.002,0.000856717094844749,0.0008186641998861857,0.0009471298430327737,0.0010365440931507162,0.0009754346240475392,0.0011369843215074402,0.000354601007353323
aSMA-br_vascular_endothelium_stromal_Ki67,0.0,0.0,0.0,0.0,0.0,0.0,0.0,0.0,0.0,0.0
aSMA-br_vascular_endothelium_stromal_HLA-DR,0.0,0.0,0.0,0.0,0.0,0.0,0.0,0.0,0.0,0.0
Gland_glandular_epithelium_glandfront_ERa,0.0,0.0,0.0,0.0,0.0,0.0,0.0,0.0,0.0,0.0
Gland_glandular_epithelium_glandfront_PR,0.0,0.0,0.0,0.0,0.0007922389985755586,0.0,0.0,0.0,0.0,0.0
Gland_glandular_epithelium_glandfront_pP38,0.0,0.0,0.0,0.0,0.0,0.0005664416774632268,0.0007077038419224996,0.0009008969155172331,0.00040364277049341956,0.0005162172153743425
Gland_glandular_epithelium_glandfront_VEGF,0.0,0.0,0.0,0.0,0.0,0.0,0.0,0.0,0.0,0.0
Gland_glandular_epithelium_glandfront_GranzymeB,0.0,0.0,0.0,0.0,0.0,0.0,0.0,0.0,0.0,0.0
Gland_glandular_epithelium_glandfront_Ki67,0.0,0.0,0.02011388467537617,0.03609989540143888,0.029552009817072927,0.025371863138754884,0.02652655044557262,0.024764916189108026,0.027754289160056882,0.029807193767662714
Gland_glandular_epithelium_glandfront_HLA-DR,0.0,0.0,0.0,9.228584998171361e-05,0.0014714243113966474,0.0020005633191232546,0.0022208201807966984,0.002828275710859499,0.001974404413908299,0.0028534772871419926
Gland_glandular_epithelium_intragland_ERa,0.0,0.0,0.0,0.0,0.0,0.0,0.0,0.0,0.0,0.0
Gland_glandular_epithelium_intragland_PR,0.0,0.0,0.0,0.0,0.0,8.956859012677272e-07,0.0005665737083766483,0.0008549624519934535,0.0013821467494502695,0.00040673415358446883
Gland_glandular_epithelium_intragland_pP38,0.0,0.0,0.0,0.0,0.0,0.0,0.0,0.000281096045889175,0.0,0.0003134458479617165
Gland_glandular_epithelium_intragland_VEGF,0.0,0.0,0.0,0.0,0.0,0.0,0.0,0.0,0.0,0.0
Gland_glandular_epithelium_intragland_GranzymeB,0.0,0.0,0.0,0.0,0.0015954753106684877,0.003623272727249132,0.003851144525400956,0.004570063840811237,0.004287652815157151,0.004207042795150652
Gland_glandular_epithelium_intragland_Ki67,0.0,0.0,0.06900920464334301,0.08246914080260509,0.08398960255675884,0.0791331316889244,0.0806280106509024,0.08125951441733284,0.08355814940165586,0.08772100658057909
Gland_glandular_epithelium_intragland_HLA-DR,0.0,0.0,0.0,0.011750207882739448,0.016763061484912065,0.019162204838200143,0.020718971846609126,0.02016381194393329,0.0223954551298697,0.02651344516393997
Gland_mesenchymal_glandfront_ERa,0.0,0.0,0.0,0.0,0.0,0.0,0.0,0.0,0.0,0.0
Gland_mesenchymal_glandfront_PR,0.0,0.0,0.0,0.0,0.0,0.0,0.0,0.0,0.0,0.0
Gland_mesenchymal_glandfront_pP38,0.0,0.0,0.0,0.0,0.0,0.0,0.0,0.0,0.0,0.0
Gland_mesenchymal_glandfront_VEGF,0.0,0.0,0.0,0.0,0.0,0.0,0.0,0.0,0.00044868766167311834,0.0
Gland_mesenchymal_glandfront_GranzymeB,0.0,0.0,0.0,0.0,0.0,0.0,0.0,0.0,0.0,0.0
Gland_mesenchymal_glandfront_Ki67,0.0,0.0,0.0,0.0,0.0,0.0,0.0,0.0,0.0,0.0
Gland_mesenchymal_glandfront_HLA-DR,0.0,0.0,0.0,0.0,0.0,0.0,0.0,0.0,0.0,0.0
Gland_mesenchymal_intragland_ERa,0.0,0.0,0.0,0.0,0.0,0.0,0.0,0.0,0.0,0.0
Gland_mesenchymal_intragland_PR,0.0,0.0,0.0,0.0,0.0,0.0,0.0,0.0,0.0,0.0
Gland_mesenchymal_intragland_pP38,0.0,0.0,0.0,0.0,0.0,0.0,0.0,0.0,0.0,0.0
Gland_mesenchymal_intragland_VEGF,0.0,0.0,0.0,0.0,0.0,0.0,0.0,0.0,0.0,0.0
Gland_mesenchymal_intragland_GranzymeB,0.0,0.0,0.0,0.0,0.0014853468604708931,0.0017690777096092847,0.0016906609283937636,0.001647000116728388,0.002072882411858128,0.0019969634138327546
Gland_mesenchymal_intragland_Ki67,0.0,0.0,0.0684820492091881,0.13775466555283425,0.15269811159948457,0.15735877066201318,0.15954283259297,0.16264190909814788,0.16307175859851952,0.15707538881301072
Gland_mesenchymal_intragland_HLA-DR,0.0,0.0,0.0,0.0,0.0,0.0,0.0,0.0,0.0,0.0
Gland_mesenchymal_stromal_ERa,0.0,0.0,0.0,0.0,0.0,0.0,0.0,0.0,0.0,0.0
Gland_mesenchymal_stromal_PR,0.0,0.0,0.0,0.0,0.0,2.563158912648713e-06,0.0,9.743918389905894e-05,0.0,3.803122392476501e-05
Gland_mesenchymal_stromal_pP38,0.0,0.0,0.0,0.0,0.0,0.0,0.0005893809179119896,0.00026541707601351086,0.0007318706077094675,0.0008602941158961513
Gland_mesenchymal_stromal_VEGF,0.0,0.0,0.0,0.0,0.0,0.0,0.0,0.0,0.0,1.892023335301905e-05
Gland_mesenchymal_stromal_GranzymeB,0.0,0.0,0.0,0.0,0.0,0.0,0.0,0.0,0.0003969297421852818,0.0001245870395229384
Gland_mesenchymal_stromal_Ki67,0.0,0.0,0.0,0.0,0.0,0.00031290963531336636,0.0006510725139178993,0.0007727989983287417,0.000720790355838297,0.0005926017804872711
Gland_mesenchymal_stromal_HLA-DR,0.0,0.0,0.0,0.0,0.0,0.0,0.0,0.0,0.0,0.0009415748059485611
Gland_fibroblast_glandfront_ERa,0.0,0.0,0.0,0.0,0.0,0.0,0.0,0.0,0.0,0.0
Gland_fibroblast_glandfront_PR,0.0,0.0,0.0,0.0,0.0,0.0,0.0,0.0,0.0,0.0
Gland_fibroblast_glandfront_pP38,0.0,0.0,0.0,0.0,0.0,0.0,0.0,0.0,0.0,0.0
Gland_fibroblast_glandfront_VEGF,0.0,0.0,0.0,0.0,0.0,0.0,0.0,0.0,0.0,0.0
Gland_fibroblast_glandfront_GranzymeB,0.0,0.0,0.0,0.0,0.0,0.0,0.0,0.0,0.0,0.0
Gland_fibroblast_glandfront_Ki67,0.0,0.0,0.0,0.0,0.0,0.0,0.0,0.0,0.0,0.0
Gland_fibroblast_glandfront_HLA-DR,0.0,0.0,0.0,0.0,0.0,6.604065180946899e-05,0.00045853501052844946,0.00033013882817448136,0.0010768526980241648,0.0005370672824447192
Gland_fibroblast_intragland_ERa,0.0,0.0,0.0,0.0005624150532214611,0.0018472351186437268,0.0021422920851712616,0.0025695018175695213,0.0029684175038167614,0.0032066984565014877,0.005986275810621143
Gland_fibroblast_intragland_PR,0.0,0.0,0.0,0.002532836153076852,0.005259300857533199,0.008478603973499598,0.010568647241662016,0.011742931983076634,0.012799626122563457,0.013793633724707792
Gland_fibroblast_intragland_pP38,0.0,0.0,0.0,0.0,0.0,0.0,0.00012112602572849323,0.0006059658730113458,0.0003947808410975483,0.0009161815455137887
Gland_fibroblast_intragland_VEGF,0.0,0.0,0.0,0.0,0.0014881059725091776,0.0016800924957931242,0.0017743597727459997,0.0015917064433729703,0.0012204618948983008,0.0021092122584608105
Gland_fibroblast_intragland_GranzymeB,0.0,0.0,0.0,0.0,0.0,0.0008721309752534379,0.0009354188946109647,0.0012768246693784975,0.001060634126276808,0.0009102265601774664
Gland_fibroblast_intragland_Ki67,0.0,0.0,0.0,0.002,0.0019972714358290184,0.0018277819014675008,0.001999839391380403,0.002342267239699781,0.0019758516654981044,0.0024318557149500333
Gland_fibroblast_intragland_TIM3,0.0,0.0,0.0,0.009869741371526769,0.030867244860510498,0.035803347841646314,0.03888042825621779,0.040993753215548843,0.04458911358322342,0.04611168346068774
Gland_fibroblast_intragland_HLA-DR,0.0,0.0,0.0,0.0037357762048329537,0.004515719811167436,0.0034843127492700933,0.0029434726012979298,0.0036804711403274613,0.005472859619802955,0.0060361342657431075
Gland_fibroblast_stromal_ERa,0.0,0.0,0.0,0.0,0.0,0.0,0.0,0.0,0.0,0.0
Gland_fibroblast_stromal_PR,0.0,0.0,0.0,0.0,0.0,0.0,0.0,0.0,0.0,0.00019813027214705218
Gland_fibroblast_stromal_pP38,0.0,0.0,0.0,4.2311001327249734e-05,0.0029195491626384626,0.0030865410985957166,0.004440987281800695,0.005902976188679587,0.006337019090659551,0.008025285507919
Gland_fibroblast_stromal_VEGF,0.0,0.0,0.0,0.0016039220202696807,0.001665329415213006,0.0017234775380799647,0.0017886393639395498,0.0018357700365991844,0.0016267983196775883,0.0016353915663560158
Gland_fibroblast_stromal_GranzymeB,0.0,0.0,0.0,0.0,0.0,0.0,0.0,0.0,0.0,0.0
Gland_fibroblast_stromal_Ki67,0.0,0.0,0.0,0.0,0.0,0.0,0.0,0.0,0.0,0.0
Gland_fibroblast_stromal_HLA-DR,0.0,0.0,0.0,0.0,0.0,0.0,0.0,0.0,0.0,0.0
Gland_vascular_endothelium_glandfront_ERa,0.0,0.0,0.0,0.0,0.0010408101666244808,0.001397874861511097,0.0013130293105126183,0.000854699417064807,0.00031212662846547267,0.0
Gland_vascular_endothelium_glandfront_PR,0.0,0.0,0.0,0.0,0.0,0.0,0.000394215377470694,0.0005365063644516231,0.0004183023014615712,0.0006134405436186863
Gland_vascular_endothelium_glandfront_pP38,0.0,0.0,0.0,0.0,0.0,0.0,0.0,0.0,0.0,0.0
Gland_vascular_endothelium_glandfront_VEGF,0.0,0.0,0.0,0.0,8.856210074613893e-05,0.0004587246471635061,0.0008472827408866755,0.0011175172953766849,0.0006515031670107301,0.001694869454050818
Gland_vascular_endothelium_glandfront_GranzymeB,0.0,0.0,0.0,0.0,0.0018177258672971563,0.0019892006883455503,0.002545604161416096,0.0027077893900702803,0.0042630775214405,0.004490227940839842
Gland_vascular_endothelium_glandfront_Ki67,0.0,0.0,0.0,0.0,0.0,0.0,0.00032612700650214946,0.00037600900383083816,0.0,0.00038168894214651915
Gland_vascular_endothelium_glandfront_HLA-DR,0.0,0.0,0.0,0.0,0.0,0.0006934684931651524,0.0014684674560636016,0.0014416679935585436,0.0015299156470270083,0.0005020181915725726
Gland_vascular_endothelium_stromal_ERa,0.0,0.0,0.0,0.0,0.0,0.0,0.0,0.0,0.0,0.0
Gland_vascular_endothelium_stromal_PR,0.0,0.0,0.0,0.0,0.0,0.0,0.0,0.0,0.0,0.0
Gland_vascular_endothelium_stromal_pP38,0.0,0.0,0.0,0.0,0.0,0.0,0.0,0.0,0.0,0.0
Gland_vascular_endothelium_stromal_VEGF,0.0,0.0,0.0,0.0,0.0,0.0,0.00020318505394321975,0.0004818741175634065,0.0008704387228153076,0.0
Gland_vascular_endothelium_stromal_GranzymeB,0.0,0.0,0.002,0.01068461578073891,0.012951719190712908,0.01383958730251559,0.015096585830789645,0.01640671653013606,0.014918979883152684,0.012498857152745346
Gland_vascular_endothelium_stromal_Ki67,0.0,0.0,0.0,0.0,0.0,0.0,0.0002469908636136657,0.0,7.353224182654648e-06,0.0006317661653943708
Gland_vascular_endothelium_stromal_HLA-DR,0.0,0.0,0.0,0.0,0.0,0.0,0.0,0.0,0.0,0.0
NA_glandfront_ERa,0.0,0.0,0.0,0.0010845461572170736,0.003034433805249559,0.0022810085460911824,0.0018186910987221005,0.0017954130452593846,0.0020709542919083476,0.002467680750953776
NA_glandfront_PR,0.0,0.0,0.0,0.0012794987403050052,0.0007641286217385002,0.0010945138705928288,0.0012273221200294433,0.0008928345283083901,0.0012406629439370603,0.0013352878003851335
NA_glandfront_pP38,0.0,0.0,0.0,0.0,0.0,0.0,0.0,0.0,0.0,4.1197861736685555e-05
NA_glandfront_VEGF,0.0,0.0,0.0,0.0,0.0,0.0,0.0,0.0,0.0003455574748928851,0.002
NA_glandfront_GranzymeB,0.0,0.0,0.0,0.0025225959696689193,0.0017095719182617258,0.0017101583041159206,0.002205952087703634,0.0035746239952041204,0.008470563430350127,0.013150799468051545
NA_glandfront_Ki67,0.0,0.0,0.002,0.007118198692655668,0.01359324422891855,0.015298763111993477,0.016105025410181186,0.020711197640595445,0.022883598085420002,0.026846815425790996
NA_glandfront_HLA-DR,0.0,0.0,0.0,0.0,0.0018761269286204853,0.002060474833221942,0.0024537181581130345,0.0025913160231434617,0.0027838109312024587,0.0042169308665077595
NA_stromal_ERa,0.0,0.0,0.0,0.0,0.0,0.0,0.0,0.0,0.0,0.0
NA_stromal_PR,0.0,0.0,0.0,0.0,0.0,0.0,0.0,0.0,0.0,0.0
NA_stromal_pP38,0.0,0.0,0.0,0.0,0.0,0.0,0.0,0.0,0.0,0.00019664226171772328
NA_stromal_VEGF,0.0,0.0,0.0,0.0,0.0,0.0,0.0,0.0,0.0,0.0
NA_stromal_GranzymeB,0.0,0.0,0.0,0.0,0.0,0.0,0.0,0.0,0.0,0.0003939143666901145
NA_stromal_Ki67,0.0,0.0,0.0,0.0014956687510893104,0.0024451338782016893,0.003899439113701346,0.004796824599538402,0.0044190299270934815,0.005180163462227758,0.00396066159443669
NA_stromal_TIM3,0.0,0.0,0.0,0.0,0.0,0.0,0.0,0.0,0.0,0.0
NA_stromal_HLA-DR,0.0,0.0,0.0,0.0,0.00020876242309427528,0.00037634349321156866,0.0003151206239113007,0.00021148152155660486,0.00043377738873001133,0.0008034694912268487
