,"{'max_depth': 3, 'reg_alpha': 0}","{'max_depth': 3, 'reg_alpha': 0.1}","{'max_depth': 3, 'reg_alpha': 0.5}","{'max_depth': 3, 'reg_alpha': 1}","{'max_depth': 6, 'reg_alpha': 0}","{'max_depth': 6, 'reg_alpha': 0.1}","{'max_depth': 6, 'reg_alpha': 0.5}","{'max_depth': 6, 'reg_alpha': 1}","{'max_depth': 9, 'reg_alpha': 0}","{'max_depth': 9, 'reg_alpha': 0.1}","{'max_depth': 9, 'reg_alpha': 0.5}","{'max_depth': 9, 'reg_alpha': 1}"
CHIP,1.0,1.0,1.0,1.0,1.0,1.0,1.0,1.0,1.0,1.0,1.0,1.0
CEBPB,1.0,0.99,0.96,0.92,1.0,0.99,0.96,0.97,1.0,0.99,0.97,0.99
NSE,0.98,0.97,0.94,0.94,1.0,0.99,0.96,0.92,1.0,1.0,0.94,0.94
PIAS4,0.91,0.85,0.82,0.78,0.91,0.89,0.83,0.88,0.97,0.88,0.84,0.86
IL.10.Ra,0.95,0.83,0.87,0.89,0.98,0.93,0.85,0.82,1.0,0.96,0.9,0.88
STAT3,0.81,0.77,0.67,0.68,1.0,0.96,0.94,0.89,0.99,0.95,0.95,0.89
IRF1,0.75,0.7,0.75,0.78,0.98,0.93,0.85,0.81,0.98,0.9,0.84,0.81
c.Jun,0.68,0.74,0.72,0.74,0.92,0.91,0.84,0.8,0.94,0.91,0.83,0.82
Mcl.1,0.6,0.64,0.59,0.74,0.9,0.87,0.78,0.71,0.93,0.87,0.82,0.72
OAS1,0.66,0.7,0.64,0.61,0.88,0.77,0.64,0.67,0.91,0.8,0.71,0.67
c.Myc,0.52,0.48,0.59,0.64,0.76,0.66,0.58,0.51,0.8,0.68,0.58,0.54
SMAD3,0.44,0.38,0.31,0.37,0.61,0.66,0.39,0.39,0.7,0.65,0.36,0.33
SMAD2,0.27,0.3,0.34,0.31,0.57,0.43,0.44,0.44,0.61,0.48,0.42,0.41
IL.23,0.74,0.63,0.56,0.59,0.86,0.72,0.58,0.59,0.79,0.74,0.6,0.63
PDGFRA,0.45,0.52,0.45,0.53,0.73,0.68,0.47,0.56,0.72,0.72,0.5,0.58
IL.12,0.54,0.42,0.4,0.44,0.75,0.6,0.4,0.52,0.75,0.64,0.43,0.54
STAT1,0.26,0.22,0.23,0.22,0.47,0.35,0.27,0.19,0.47,0.3,0.32,0.21
STAT6,0.37,0.4,0.29,0.28,0.55,0.44,0.41,0.32,0.65,0.44,0.41,0.37
LRRK2,0.39,0.51,0.38,0.36,0.69,0.71,0.69,0.63,0.74,0.71,0.64,0.68
Osteocalcin,0.48,0.48,0.47,0.34,0.83,0.67,0.5,0.56,0.75,0.65,0.59,0.63
IL.5,0.36,0.33,0.4,0.37,0.44,0.45,0.42,0.32,0.54,0.43,0.41,0.37
GPDA,0.38,0.38,0.47,0.43,0.46,0.36,0.38,0.27,0.49,0.41,0.43,0.37
IgA,0.34,0.36,0.33,0.35,0.57,0.5,0.41,0.48,0.52,0.48,0.45,0.46
LPPL,0.37,0.44,0.39,0.43,0.57,0.41,0.4,0.36,0.61,0.41,0.47,0.41
HEMK2,0.4,0.45,0.44,0.48,0.67,0.65,0.62,0.6,0.73,0.73,0.62,0.59
PDXK,0.22,0.26,0.31,0.3,0.33,0.22,0.2,0.17,0.36,0.26,0.23,0.2
TLR4,0.26,0.28,0.25,0.2,0.41,0.34,0.25,0.18,0.39,0.35,0.24,0.24
REG4,0.27,0.32,0.26,0.35,0.47,0.45,0.33,0.32,0.46,0.44,0.4,0.36
HSP.27,0.23,0.23,0.16,0.21,0.21,0.19,0.09,0.16,0.27,0.2,0.11,0.16
YKL.40,0.19,0.26,0.26,0.29,0.37,0.33,0.4,0.34,0.42,0.45,0.48,0.37
Alpha.enolase,0.17,0.11,0.2,0.18,0.39,0.29,0.23,0.17,0.42,0.31,0.23,0.17
Apo.L1,0.21,0.36,0.24,0.34,0.39,0.39,0.24,0.32,0.44,0.34,0.3,0.35
CD38,0.23,0.29,0.26,0.29,0.37,0.44,0.34,0.33,0.48,0.42,0.33,0.38
CD59,0.29,0.33,0.27,0.29,0.33,0.4,0.27,0.35,0.43,0.35,0.31,0.34
FABPL,0.35,0.33,0.25,0.34,0.33,0.33,0.25,0.19,0.38,0.32,0.25,0.23
GDF.11,0.17,0.21,0.22,0.26,0.38,0.23,0.18,0.16,0.33,0.25,0.16,0.17
BTC,0.19,0.18,0.2,0.16,0.35,0.16,0.19,0.17,0.29,0.16,0.15,0.13
HIF.1a,0.1,0.2,0.18,0.19,0.34,0.19,0.25,0.23,0.31,0.23,0.25,0.26
S100A6,0.19,0.24,0.23,0.22,0.36,0.29,0.21,0.15,0.37,0.28,0.19,0.21
SECTM1,0.18,0.19,0.19,0.27,0.33,0.21,0.23,0.26,0.4,0.2,0.22,0.27
RSPO3,0.13,0.19,0.15,0.14,0.29,0.24,0.21,0.15,0.29,0.25,0.2,0.19
PSP,0.16,0.16,0.22,0.22,0.4,0.28,0.21,0.21,0.47,0.3,0.26,0.25
Apoptosis.regulator.Bcl.W,0.23,0.22,0.27,0.26,0.31,0.29,0.24,0.14,0.37,0.23,0.23,0.19
VEGF.D,0.14,0.22,0.26,0.22,0.3,0.26,0.24,0.2,0.31,0.21,0.23,0.2
SOST,0.15,0.17,0.13,0.25,0.21,0.21,0.17,0.13,0.27,0.25,0.18,0.14
FAM3D,0.17,0.15,0.26,0.3,0.32,0.27,0.29,0.22,0.37,0.27,0.31,0.25
CSH,0.2,0.26,0.18,0.23,0.4,0.29,0.27,0.26,0.39,0.27,0.29,0.2
EFNB1,0.22,0.22,0.3,0.27,0.38,0.35,0.24,0.19,0.44,0.35,0.26,0.19
SNP25,0.18,0.21,0.2,0.28,0.23,0.13,0.14,0.05,0.21,0.14,0.13,0.06
LYPD3,0.11,0.13,0.16,0.2,0.28,0.34,0.27,0.27,0.32,0.39,0.33,0.36
NEGR1,0.24,0.29,0.32,0.27,0.36,0.31,0.33,0.28,0.4,0.33,0.29,0.29
BCL6,0.15,0.1,0.18,0.23,0.22,0.21,0.21,0.19,0.26,0.21,0.19,0.22
FSTL1,0.13,0.25,0.24,0.26,0.23,0.17,0.25,0.24,0.27,0.18,0.25,0.2
Osteopontin,0.17,0.14,0.26,0.2,0.24,0.22,0.19,0.15,0.23,0.2,0.23,0.19
Lumican,0.16,0.19,0.16,0.11,0.3,0.2,0.26,0.22,0.3,0.25,0.3,0.26
CD177,0.22,0.21,0.19,0.17,0.39,0.28,0.3,0.2,0.35,0.26,0.31,0.19
CHKB,0.13,0.17,0.17,0.13,0.3,0.17,0.2,0.25,0.29,0.19,0.19,0.31
SMOC1,0.14,0.15,0.21,0.17,0.21,0.31,0.23,0.22,0.24,0.29,0.21,0.19
protein.Z.inhibitor,0.15,0.14,0.14,0.1,0.25,0.21,0.13,0.2,0.26,0.23,0.13,0.14
FLRT2,0.12,0.13,0.16,0.15,0.19,0.14,0.1,0.07,0.26,0.15,0.07,0.08
FLRT3,0.15,0.23,0.17,0.24,0.3,0.23,0.17,0.16,0.28,0.28,0.24,0.15
ISLR2,0.2,0.15,0.31,0.19,0.39,0.26,0.11,0.17,0.42,0.22,0.15,0.16
Vitronectin,0.1,0.11,0.14,0.12,0.25,0.11,0.11,0.11,0.22,0.12,0.13,0.14
DSC2,0.31,0.25,0.25,0.21,0.4,0.31,0.3,0.22,0.44,0.33,0.3,0.24
LDLR,0.2,0.12,0.14,0.11,0.27,0.25,0.18,0.21,0.25,0.21,0.16,0.16
HXK2,0.06,0.18,0.14,0.14,0.21,0.18,0.15,0.16,0.27,0.2,0.15,0.15
HXK1,0.09,0.13,0.16,0.18,0.1,0.12,0.08,0.07,0.1,0.09,0.05,0.09
SEM5A,0.07,0.08,0.16,0.08,0.17,0.13,0.12,0.12,0.19,0.16,0.17,0.19
LTBP4,0.13,0.11,0.08,0.08,0.23,0.16,0.14,0.12,0.23,0.15,0.14,0.1
PIANP,0.15,0.17,0.2,0.22,0.11,0.12,0.14,0.15,0.19,0.1,0.15,0.15
Adrenomedullin,0.18,0.16,0.14,0.13,0.24,0.3,0.25,0.17,0.35,0.26,0.24,0.23
S100A4,0.19,0.26,0.3,0.23,0.24,0.21,0.16,0.2,0.25,0.2,0.15,0.19
RNF43,0.05,0.09,0.09,0.14,0.16,0.09,0.12,0.08,0.16,0.11,0.12,0.11
TRAIL.R4,0.09,0.12,0.09,0.11,0.12,0.07,0.1,0.1,0.16,0.1,0.1,0.11
ZNRF3,0.18,0.16,0.13,0.09,0.2,0.19,0.19,0.14,0.23,0.16,0.2,0.19
GI24,0.14,0.16,0.14,0.17,0.25,0.18,0.12,0.17,0.25,0.19,0.14,0.18
Ephrin.A2,0.09,0.1,0.09,0.08,0.16,0.15,0.11,0.14,0.19,0.17,0.15,0.11
ApoM,0.05,0.05,0.12,0.13,0.17,0.2,0.21,0.2,0.21,0.32,0.27,0.22
IFN.b,0.14,0.09,0.11,0.09,0.15,0.09,0.16,0.08,0.16,0.1,0.14,0.06
IFN10,0.23,0.23,0.27,0.26,0.28,0.2,0.22,0.22,0.35,0.26,0.18,0.26
IFNA7,0.08,0.09,0.12,0.15,0.17,0.09,0.08,0.1,0.2,0.1,0.09,0.12
EFNB2,0.05,0.11,0.11,0.1,0.24,0.1,0.12,0.12,0.22,0.13,0.14,0.08
HHLA2,0.15,0.19,0.15,0.18,0.19,0.19,0.17,0.16,0.23,0.24,0.15,0.12
IL.1.sRII,0.1,0.11,0.11,0.13,0.19,0.11,0.08,0.14,0.12,0.14,0.08,0.13
AMGO2,0.17,0.2,0.2,0.19,0.19,0.21,0.2,0.16,0.19,0.24,0.18,0.13
RXFP1,0.08,0.07,0.09,0.07,0.12,0.23,0.14,0.14,0.19,0.19,0.15,0.2
C1QR1,0.11,0.11,0.16,0.15,0.13,0.1,0.12,0.15,0.18,0.13,0.11,0.13
NRG4,0.11,0.11,0.02,0.11,0.17,0.16,0.16,0.09,0.11,0.21,0.13,0.08
H2B2E,0.09,0.14,0.14,0.17,0.35,0.21,0.17,0.17,0.39,0.21,0.17,0.14
H2A3,0.13,0.11,0.14,0.14,0.24,0.18,0.19,0.2,0.32,0.17,0.17,0.2
H31,0.21,0.23,0.17,0.17,0.16,0.21,0.18,0.15,0.16,0.22,0.2,0.15
IFN.g,0.12,0.16,0.12,0.18,0.16,0.14,0.14,0.25,0.15,0.15,0.19,0.3
IL.1F8,0.16,0.21,0.16,0.1,0.19,0.2,0.11,0.15,0.18,0.16,0.16,0.15
IL.1F6,0.16,0.12,0.18,0.13,0.18,0.11,0.12,0.14,0.18,0.16,0.14,0.15
UCRP,0.11,0.11,0.13,0.06,0.17,0.17,0.15,0.11,0.17,0.16,0.14,0.12
Ephrin.A3,0.14,0.16,0.09,0.13,0.23,0.15,0.12,0.1,0.23,0.17,0.13,0.1
X14.3.3.protein.beta.alpha,0.01,0.02,0.06,0.12,0.1,0.08,0.06,0.13,0.09,0.11,0.04,0.09
X14.3.3E,0.11,0.15,0.14,0.18,0.11,0.11,0.13,0.17,0.17,0.14,0.17,0.16
Annexin.V,0.17,0.17,0.12,0.18,0.19,0.19,0.16,0.16,0.16,0.18,0.2,0.18
Myostatin,0.14,0.12,0.13,0.13,0.13,0.12,0.2,0.18,0.19,0.11,0.19,0.24
C4b,0.13,0.17,0.24,0.16,0.2,0.14,0.1,0.13,0.19,0.14,0.11,0.1
Coagulation.Factor.XI,0.17,0.13,0.17,0.2,0.27,0.26,0.15,0.16,0.24,0.28,0.17,0.15
CTACK,0.12,0.16,0.15,0.15,0.2,0.12,0.17,0.13,0.18,0.13,0.15,0.15
Endostatin,0.21,0.22,0.19,0.17,0.2,0.17,0.31,0.26,0.19,0.19,0.3,0.23
TIMP.1,0.1,0.17,0.1,0.1,0.12,0.17,0.13,0.15,0.15,0.2,0.12,0.17
tPA,0.13,0.14,0.21,0.11,0.17,0.11,0.09,0.1,0.22,0.12,0.09,0.15
EG.VEGF,0.06,0.09,0.14,0.1,0.08,0.1,0.09,0.04,0.11,0.04,0.05,0.06
TIMP.2,0.09,0.06,0.07,0.08,0.16,0.06,0.07,0.1,0.19,0.11,0.12,0.09
TGF.b1,0.11,0.12,0.12,0.19,0.14,0.17,0.14,0.23,0.18,0.21,0.18,0.16
VEGF.sR3,0.13,0.12,0.19,0.13,0.17,0.21,0.15,0.16,0.2,0.22,0.23,0.18
C5,0.05,0.08,0.16,0.1,0.24,0.18,0.13,0.12,0.25,0.16,0.14,0.11
Apo.E,0.34,0.31,0.29,0.23,0.37,0.26,0.23,0.3,0.32,0.24,0.27,0.27
BDNF,0.07,0.06,0.13,0.1,0.11,0.05,0.05,0.12,0.09,0.05,0.05,0.13
C8,0.08,0.08,0.04,0.1,0.13,0.12,0.14,0.13,0.12,0.15,0.15,0.12
Cathepsin.G,0.12,0.13,0.1,0.08,0.17,0.1,0.06,0.04,0.16,0.09,0.08,0.04
CXCL16..soluble,0.14,0.18,0.15,0.12,0.13,0.15,0.13,0.18,0.19,0.15,0.11,0.23
FGF.10,0.1,0.12,0.09,0.16,0.11,0.16,0.05,0.13,0.12,0.16,0.03,0.05
FGF.8B,0.04,0.07,0.11,0.12,0.14,0.11,0.1,0.14,0.16,0.1,0.1,0.09
GIIE,0.05,0.07,0.1,0.12,0.21,0.19,0.17,0.17,0.16,0.16,0.16,0.14
GV,0.09,0.14,0.09,0.17,0.14,0.11,0.08,0.1,0.13,0.09,0.08,0.1
MIP.3a,0.08,0.06,0.07,0.13,0.28,0.14,0.13,0.12,0.3,0.12,0.12,0.11
SAP,0.31,0.35,0.31,0.36,0.21,0.25,0.3,0.31,0.3,0.26,0.36,0.31
SCF.sR,0.13,0.21,0.13,0.19,0.19,0.17,0.12,0.2,0.24,0.16,0.12,0.2
TIMP.3,0.18,0.23,0.26,0.25,0.31,0.2,0.18,0.14,0.34,0.28,0.19,0.22
Angiopoietin.4,0.04,0.05,0.07,0.06,0.11,0.05,0.02,0.03,0.09,0.06,0.03,0.02
Cadherin.E,0.26,0.31,0.33,0.4,0.36,0.24,0.22,0.18,0.33,0.26,0.18,0.15
GFRa.3,0.11,0.06,0.1,0.07,0.1,0.08,0.1,0.05,0.17,0.08,0.1,0.07
Ephrin.B3,0.04,0.07,0.03,0.04,0.04,0.1,0.03,0.09,0.06,0.09,0.04,0.08
GFRa.2,0.12,0.16,0.17,0.13,0.14,0.12,0.09,0.06,0.18,0.13,0.07,0.13
X6Ckine,0.13,0.21,0.2,0.18,0.23,0.17,0.15,0.13,0.27,0.09,0.16,0.14
HMG.1,0.07,0.1,0.09,0.11,0.07,0.09,0.06,0.04,0.11,0.12,0.05,0.05
OPG,0.05,0.05,0.07,0.12,0.08,0.11,0.12,0.07,0.14,0.1,0.11,0.06
b.Endorphin,0.1,0.13,0.12,0.1,0.08,0.15,0.08,0.16,0.16,0.15,0.11,0.24
Factor.I,0.14,0.22,0.12,0.14,0.2,0.23,0.28,0.18,0.14,0.24,0.26,0.2
IGFBP.3,0.05,0.13,0.05,0.16,0.18,0.11,0.08,0.08,0.18,0.1,0.08,0.07
MCP.1,0.08,0.1,0.17,0.09,0.19,0.14,0.08,0.14,0.22,0.13,0.08,0.13
MMP.9,0.13,0.17,0.16,0.1,0.16,0.15,0.09,0.22,0.18,0.18,0.19,0.15
Myeloperoxidase,0.1,0.11,0.09,0.12,0.16,0.09,0.1,0.11,0.15,0.11,0.11,0.15
PRL,0.13,0.17,0.14,0.19,0.22,0.25,0.21,0.23,0.28,0.23,0.22,0.24
VEGF,0.19,0.08,0.09,0.12,0.17,0.17,0.1,0.04,0.16,0.17,0.11,0.11
X4.1BB,0.08,0.09,0.09,0.08,0.07,0.09,0.12,0.11,0.07,0.1,0.12,0.09
X4.1BB.ligand,0.09,0.05,0.08,0.13,0.11,0.12,0.09,0.05,0.11,0.12,0.11,0.09
Angiopoietin.2,0.64,0.74,0.68,0.65,0.75,0.76,0.7,0.69,0.77,0.76,0.69,0.71
B7,0.11,0.12,0.1,0.05,0.17,0.1,0.08,0.08,0.14,0.12,0.06,0.09
CD30,0.09,0.04,0.12,0.09,0.07,0.11,0.09,0.09,0.13,0.11,0.08,0.09
CLF.1.CLC.Complex,0.1,0.05,0.07,0.09,0.07,0.09,0.12,0.1,0.13,0.13,0.08,0.1
Cystatin.C,0.5,0.46,0.47,0.53,0.67,0.54,0.58,0.5,0.62,0.54,0.62,0.54
Dtk,0.14,0.1,0.16,0.1,0.23,0.19,0.08,0.15,0.19,0.18,0.13,0.09
eIF.5,0.13,0.2,0.13,0.13,0.18,0.09,0.08,0.12,0.14,0.1,0.11,0.11
Ephrin.A4,0.12,0.1,0.08,0.13,0.11,0.08,0.13,0.1,0.12,0.12,0.1,0.08
Ephrin.A5,0.06,0.08,0.07,0.05,0.07,0.0,0.02,0.06,0.07,0.0,0.03,0.03
ERBB2,0.09,0.13,0.08,0.06,0.15,0.08,0.03,0.05,0.1,0.14,0.07,0.09
ERBB3,0.17,0.12,0.13,0.18,0.22,0.17,0.19,0.24,0.25,0.2,0.19,0.21
ERBB4,0.07,0.06,0.04,0.11,0.13,0.16,0.07,0.09,0.09,0.13,0.11,0.1
GA733.1.protein,0.1,0.16,0.16,0.15,0.18,0.19,0.11,0.14,0.16,0.24,0.14,0.2
gp130..soluble,0.11,0.11,0.1,0.1,0.13,0.13,0.12,0.13,0.13,0.14,0.11,0.11
HO.2,0.07,0.03,0.08,0.04,0.06,0.02,0.01,0.03,0.07,0.01,0.01,0.04
HPV.E7.Type.16,0.12,0.13,0.11,0.12,0.09,0.17,0.15,0.13,0.12,0.15,0.2,0.13
HPV.E7.Type18,0.04,0.09,0.06,0.05,0.1,0.06,0.09,0.06,0.09,0.05,0.09,0.08
HSP.90a.b,0.03,0.07,0.1,0.08,0.13,0.07,0.07,0.06,0.1,0.11,0.05,0.08
IL.1.R.AcP,0.11,0.14,0.1,0.13,0.14,0.11,0.13,0.09,0.17,0.1,0.15,0.11
IL.10.Rb,0.04,0.07,0.08,0.09,0.13,0.07,0.1,0.08,0.14,0.14,0.12,0.09
IL.12.Rb1,0.05,0.08,0.08,0.04,0.07,0.07,0.07,0.11,0.08,0.07,0.08,0.11
IL.13.Ra1,0.08,0.13,0.13,0.09,0.08,0.07,0.07,0.12,0.09,0.09,0.11,0.09
IL.2.sRg,0.06,0.07,0.09,0.06,0.06,0.06,0.09,0.1,0.09,0.06,0.11,0.09
Layilin,0.08,0.07,0.06,0.11,0.06,0.07,0.06,0.15,0.09,0.05,0.09,0.12
Lymphotoxin.b.R,0.11,0.08,0.1,0.08,0.06,0.06,0.1,0.08,0.09,0.1,0.13,0.08
Macrophage.mannose.receptor,0.03,0.07,0.05,0.13,0.11,0.09,0.03,0.06,0.12,0.11,0.05,0.05
M.CSF.R,0.15,0.2,0.24,0.25,0.23,0.23,0.3,0.37,0.25,0.29,0.27,0.36
MSP.R,0.04,0.07,0.08,0.1,0.09,0.07,0.07,0.04,0.12,0.04,0.11,0.04
PAFAH.beta.subunit,0.05,0.13,0.05,0.05,0.08,0.07,0.01,0.06,0.05,0.09,0.05,0.07
P.Cadherin,0.19,0.11,0.13,0.06,0.17,0.15,0.24,0.2,0.12,0.18,0.24,0.18
PKC.A,0.01,0.04,0.03,0.03,0.09,0.05,0.06,0.06,0.08,0.09,0.1,0.06
PKC.Z,0.14,0.12,0.09,0.07,0.07,0.1,0.11,0.17,0.08,0.13,0.11,0.15
Rab.GDP.dissociation.inhibitor.beta,0.05,0.06,0.07,0.08,0.08,0.09,0.06,0.07,0.12,0.12,0.09,0.08
sICAM.3,0.09,0.07,0.04,0.07,0.06,0.02,0.04,0.04,0.07,0.05,0.07,0.05
suPAR,0.12,0.09,0.07,0.08,0.13,0.12,0.09,0.07,0.1,0.1,0.07,0.06
TNF.sR.I,0.04,0.05,0.06,0.04,0.07,0.04,0.05,0.04,0.11,0.06,0.07,0.03
TrkC,0.09,0.15,0.12,0.15,0.21,0.1,0.1,0.07,0.19,0.15,0.11,0.1
BCMA,0.23,0.16,0.16,0.25,0.26,0.11,0.17,0.14,0.23,0.14,0.1,0.11
Bone.proteoglycan.II,0.09,0.06,0.07,0.1,0.12,0.11,0.07,0.03,0.11,0.06,0.04,0.05
Calpain.I,0.07,0.04,0.04,0.07,0.07,0.09,0.07,0.07,0.04,0.12,0.07,0.07
CK.MM,0.09,0.08,0.05,0.1,0.16,0.15,0.09,0.11,0.16,0.2,0.17,0.12
ERBB1,0.25,0.33,0.3,0.23,0.27,0.4,0.33,0.31,0.3,0.33,0.3,0.41
HGF,0.2,0.23,0.23,0.2,0.23,0.2,0.12,0.15,0.21,0.19,0.13,0.12
HSP.60,0.07,0.1,0.11,0.11,0.14,0.14,0.11,0.07,0.12,0.11,0.13,0.1
iC3b,0.12,0.09,0.11,0.09,0.16,0.19,0.08,0.07,0.15,0.14,0.07,0.09
IGFBP.5,0.1,0.12,0.13,0.15,0.18,0.17,0.14,0.06,0.23,0.17,0.14,0.11
IGFBP.6,0.16,0.16,0.16,0.19,0.21,0.24,0.23,0.18,0.21,0.24,0.21,0.19
MIA,0.08,0.07,0.14,0.1,0.18,0.18,0.13,0.17,0.19,0.2,0.14,0.18
NPS.PLA2,0.07,0.11,0.12,0.1,0.14,0.07,0.12,0.11,0.18,0.1,0.11,0.12
OSM,0.02,0.07,0.12,0.13,0.09,0.12,0.14,0.08,0.09,0.11,0.1,0.09
PECAM.1,0.05,0.05,0.07,0.07,0.11,0.13,0.11,0.1,0.11,0.1,0.08,0.15
Persephin,0.05,0.11,0.11,0.09,0.08,0.05,0.07,0.11,0.09,0.09,0.07,0.1
PF.4,0.02,0.07,0.06,0.05,0.03,0.04,0.04,0.05,0.06,0.03,0.06,0.05
Protein.S,0.16,0.12,0.12,0.15,0.15,0.1,0.18,0.12,0.16,0.12,0.17,0.13
TACI,0.07,0.07,0.07,0.02,0.09,0.05,0.04,0.03,0.16,0.06,0.06,0.06
TECK,0.16,0.12,0.03,0.06,0.14,0.07,0.07,0.14,0.11,0.09,0.04,0.13
Thyroxine.Binding.Globulin,0.08,0.14,0.16,0.15,0.15,0.17,0.14,0.09,0.15,0.19,0.17,0.09
TNFSF18,0.17,0.23,0.19,0.11,0.21,0.29,0.19,0.17,0.26,0.33,0.22,0.22
CNTFR.alpha,0.09,0.08,0.07,0.07,0.09,0.1,0.12,0.05,0.13,0.16,0.11,0.09
EMAP.2,0.13,0.12,0.05,0.15,0.14,0.07,0.13,0.08,0.09,0.07,0.11,0.06
EPO.R,0.14,0.14,0.15,0.12,0.11,0.08,0.07,0.07,0.11,0.08,0.09,0.05
G.CSF.R,0.11,0.17,0.07,0.11,0.1,0.05,0.11,0.08,0.14,0.05,0.17,0.11
IL.1F7,0.05,0.11,0.06,0.05,0.04,0.05,0.07,0.1,0.06,0.06,0.11,0.09
Laminin,0.09,0.12,0.07,0.09,0.09,0.09,0.1,0.1,0.13,0.08,0.09,0.09
MICA,0.13,0.15,0.13,0.09,0.07,0.1,0.14,0.14,0.1,0.05,0.14,0.14
NADPH.P450.Oxidoreductase,0.13,0.14,0.15,0.07,0.15,0.14,0.09,0.1,0.13,0.13,0.05,0.12
NANOG,0.05,0.1,0.1,0.08,0.11,0.11,0.13,0.08,0.09,0.11,0.14,0.08
NKp44,0.09,0.1,0.13,0.13,0.1,0.17,0.11,0.16,0.12,0.13,0.12,0.2
NovH,0.09,0.11,0.1,0.06,0.05,0.03,0.04,0.04,0.08,0.01,0.05,0.06
Siglec.6,0.78,0.79,0.83,0.8,0.82,0.83,0.84,0.81,0.83,0.86,0.82,0.84
Siglec.7,0.11,0.07,0.12,0.13,0.17,0.16,0.18,0.21,0.16,0.22,0.18,0.21
Sonic.Hedgehog,0.16,0.14,0.14,0.14,0.19,0.16,0.15,0.13,0.17,0.11,0.15,0.13
IgG,0.09,0.14,0.1,0.15,0.23,0.1,0.11,0.08,0.12,0.14,0.14,0.09
TSLP.R,0.04,0.04,0.03,0.06,0.1,0.02,0.05,0.05,0.06,0.04,0.03,0.03
ULBP.3,0.03,0.08,0.04,0.05,0.07,0.06,0.04,0.02,0.07,0.05,0.05,0.02
Activin.A,0.49,0.55,0.53,0.56,0.57,0.56,0.5,0.49,0.58,0.56,0.5,0.49
Apo.A.I,0.1,0.16,0.09,0.19,0.2,0.17,0.13,0.16,0.19,0.15,0.12,0.16
Azurocidin,0.08,0.1,0.16,0.05,0.1,0.07,0.09,0.03,0.13,0.09,0.06,0.06
BMP.14,0.06,0.05,0.15,0.13,0.14,0.14,0.09,0.11,0.13,0.09,0.06,0.08
C1q,0.2,0.2,0.28,0.21,0.14,0.13,0.13,0.11,0.2,0.11,0.18,0.12
C3,0.07,0.07,0.07,0.08,0.12,0.15,0.13,0.12,0.1,0.11,0.16,0.13
C3adesArg,0.05,0.09,0.08,0.06,0.1,0.1,0.08,0.13,0.1,0.06,0.1,0.09
DRR1,0.1,0.12,0.03,0.06,0.11,0.12,0.11,0.1,0.13,0.1,0.08,0.1
FGF.18,0.03,0.04,0.07,0.05,0.08,0.07,0.07,0.07,0.08,0.08,0.02,0.1
FGF.19,0.22,0.21,0.17,0.1,0.18,0.18,0.17,0.19,0.17,0.16,0.22,0.18
FGF.20,0.11,0.19,0.15,0.1,0.12,0.08,0.15,0.11,0.1,0.13,0.13,0.12
FGF9,0.07,0.04,0.06,0.07,0.05,0.08,0.03,0.12,0.12,0.1,0.04,0.08
GDF.11.8,0.06,0.08,0.08,0.12,0.1,0.17,0.11,0.11,0.12,0.15,0.1,0.1
Hemopexin,0.15,0.2,0.17,0.14,0.21,0.08,0.16,0.2,0.21,0.12,0.13,0.17
HIV.2.Rev,0.05,0.06,0.12,0.08,0.08,0.09,0.04,0.09,0.09,0.06,0.07,0.12
I.309,0.06,0.05,0.12,0.05,0.09,0.08,0.07,0.05,0.06,0.09,0.06,0.04
IGFBP.1,0.11,0.1,0.12,0.13,0.13,0.09,0.12,0.03,0.11,0.11,0.11,0.06
IL.10,0.13,0.11,0.18,0.19,0.11,0.1,0.06,0.12,0.14,0.13,0.1,0.1
IL.16,0.09,0.08,0.08,0.12,0.11,0.09,0.1,0.1,0.14,0.09,0.11,0.1
IL.17F,0.07,0.11,0.1,0.04,0.06,0.09,0.11,0.1,0.12,0.1,0.13,0.07
IL.22,0.08,0.11,0.12,0.13,0.17,0.11,0.11,0.08,0.17,0.08,0.1,0.09
Lactoferrin,0.12,0.13,0.17,0.16,0.2,0.17,0.19,0.16,0.25,0.21,0.21,0.24
LAG.1,0.13,0.13,0.18,0.17,0.11,0.06,0.09,0.09,0.15,0.11,0.07,0.05
LD78.beta,0.12,0.1,0.13,0.11,0.15,0.15,0.1,0.13,0.18,0.11,0.08,0.12
MCP.2,0.09,0.08,0.11,0.11,0.16,0.12,0.09,0.12,0.17,0.14,0.1,0.19
MMP.3,0.1,0.13,0.12,0.1,0.15,0.09,0.1,0.08,0.14,0.08,0.08,0.07
MMP.7,0.15,0.13,0.13,0.27,0.09,0.12,0.16,0.18,0.11,0.22,0.17,0.23
NAP.2,0.05,0.04,0.04,0.05,0.05,0.05,0.09,0.06,0.05,0.06,0.08,0.07
SOD,0.02,0.01,0.02,0.01,0.05,0.06,0.04,0.0,0.04,0.06,0.03,0.0
Fibrinogen,0.09,0.08,0.1,0.08,0.11,0.14,0.09,0.06,0.13,0.14,0.12,0.13
Apo.B,0.07,0.05,0.06,0.14,0.06,0.11,0.11,0.05,0.07,0.07,0.13,0.1
ACE2,0.04,0.06,0.05,0.06,0.03,0.02,0.09,0.06,0.03,0.03,0.09,0.07
Activin.RIB,0.17,0.21,0.12,0.14,0.15,0.09,0.12,0.1,0.15,0.12,0.11,0.1
ADAMTS.4,0.14,0.1,0.16,0.2,0.21,0.13,0.1,0.13,0.18,0.15,0.13,0.15
Angiopoietin.1,0.15,0.24,0.13,0.13,0.18,0.18,0.15,0.2,0.15,0.14,0.19,0.21
ART,0.1,0.07,0.08,0.1,0.12,0.06,0.06,0.07,0.12,0.08,0.06,0.04
BCAM,0.1,0.12,0.14,0.1,0.08,0.11,0.07,0.13,0.07,0.1,0.1,0.13
Cadherin.5,0.1,0.09,0.13,0.11,0.16,0.11,0.13,0.13,0.21,0.12,0.11,0.14
CD97,0.12,0.12,0.16,0.09,0.06,0.11,0.07,0.1,0.1,0.09,0.07,0.1
COMMD7,0.06,0.05,0.04,0.05,0.07,0.11,0.1,0.06,0.1,0.15,0.1,0.05
EDA,0.14,0.11,0.08,0.08,0.11,0.12,0.12,0.11,0.11,0.12,0.14,0.15
Fractalkine.CX3CL.1,0.1,0.14,0.04,0.06,0.09,0.04,0.07,0.07,0.05,0.07,0.09,0.06
HAI.1,0.09,0.02,0.06,0.07,0.18,0.1,0.06,0.06,0.18,0.1,0.06,0.05
IL.27,0.13,0.23,0.21,0.2,0.12,0.21,0.19,0.16,0.12,0.2,0.2,0.13
Kallikrein.11,0.09,0.13,0.12,0.11,0.12,0.07,0.11,0.13,0.1,0.09,0.11,0.12
Kallikrein.4,0.04,0.02,0.03,0.05,0.07,0.03,0.01,0.03,0.09,0.02,0.02,0.02
kallikrein.8,0.06,0.11,0.14,0.15,0.1,0.13,0.1,0.1,0.15,0.11,0.1,0.08
Ku70,0.04,0.08,0.1,0.05,0.08,0.1,0.04,0.09,0.13,0.11,0.06,0.11
Lipocalin.2,0.19,0.2,0.17,0.13,0.08,0.07,0.17,0.14,0.1,0.09,0.14,0.14
Met,0.06,0.07,0.05,0.02,0.08,0.04,0.03,0.05,0.1,0.04,0.04,0.04
MMP.17,0.08,0.09,0.1,0.04,0.08,0.09,0.11,0.03,0.13,0.1,0.11,0.04
OX40.Ligand,0.07,0.09,0.09,0.06,0.09,0.06,0.09,0.0,0.03,0.04,0.04,0.06
sFRP.3,0.08,0.13,0.11,0.15,0.14,0.2,0.14,0.18,0.17,0.16,0.18,0.22
SPINT2,0.1,0.12,0.1,0.07,0.16,0.13,0.07,0.12,0.15,0.09,0.08,0.12
sTie.1,0.19,0.18,0.19,0.15,0.29,0.21,0.18,0.15,0.32,0.22,0.2,0.19
Ubiquitin.1,0.07,0.01,0.05,0.06,0.04,0.1,0.03,0.02,0.04,0.1,0.04,0.03
WIF.1,0.06,0.09,0.06,0.06,0.06,0.12,0.08,0.08,0.12,0.07,0.06,0.04
AIF1,0.07,0.06,0.09,0.04,0.05,0.1,0.08,0.05,0.06,0.11,0.09,0.05
C5a,0.05,0.06,0.09,0.08,0.06,0.13,0.08,0.07,0.05,0.1,0.08,0.08
CHK1,0.09,0.05,0.09,0.09,0.1,0.06,0.09,0.06,0.08,0.08,0.07,0.06
ERK.1,0.04,0.05,0.02,0.02,0.02,0.05,0.07,0.02,0.02,0.05,0.05,0.01
Glucocorticoid.receptor,0.08,0.17,0.12,0.11,0.1,0.08,0.12,0.09,0.11,0.11,0.14,0.07
Hat1,0.07,0.09,0.07,0.08,0.1,0.14,0.09,0.04,0.12,0.08,0.11,0.04
HDAC8,0.05,0.08,0.08,0.06,0.11,0.08,0.08,0.05,0.12,0.07,0.08,0.05
Karyopherin.a2,0.08,0.07,0.1,0.05,0.06,0.07,0.13,0.06,0.06,0.09,0.15,0.11
MEK1,0.1,0.12,0.07,0.07,0.16,0.09,0.07,0.08,0.12,0.11,0.08,0.09
MOZ,0.04,0.06,0.05,0.09,0.03,0.09,0.06,0.07,0.04,0.13,0.13,0.09
PKC.D,0.03,0.06,0.07,0.04,0.1,0.03,0.05,0.03,0.17,0.02,0.04,0.03
RAC1,0.02,0.02,0.0,0.02,0.01,0.01,0.01,0.03,0.01,0.0,0.02,0.02
RAD51,0.06,0.09,0.05,0.06,0.07,0.05,0.11,0.12,0.1,0.07,0.09,0.15
TBP,0.03,0.12,0.05,0.05,0.06,0.03,0.05,0.04,0.08,0.05,0.03,0.03
Topoisomerase.I,0.01,0.06,0.08,0.08,0.05,0.06,0.02,0.02,0.08,0.07,0.07,0.02
UBC9,0.0,0.03,0.04,0.02,0.05,0.02,0.02,0.04,0.07,0.01,0.01,0.03
YES,0.06,0.03,0.09,0.05,0.07,0.03,0.04,0.05,0.05,0.02,0.03,0.02
a1.Antichymotrypsin,0.11,0.08,0.07,0.13,0.08,0.07,0.13,0.08,0.13,0.05,0.09,0.11
C7,0.03,0.05,0.06,0.05,0.03,0.09,0.02,0.03,0.1,0.06,0.05,0.03
Cardiotrophin.1,0.05,0.04,0.09,0.05,0.07,0.05,0.08,0.12,0.09,0.06,0.05,0.09
CCL28,0.05,0.08,0.12,0.1,0.11,0.04,0.08,0.09,0.12,0.06,0.1,0.11
CD22,0.02,0.02,0.04,0.02,0.05,0.05,0.03,0.08,0.12,0.04,0.04,0.04
HCC.1,0.08,0.12,0.11,0.14,0.08,0.09,0.15,0.15,0.09,0.15,0.18,0.15
IL.4,0.07,0.05,0.1,0.09,0.15,0.08,0.08,0.07,0.12,0.07,0.11,0.08
Midkine,0.09,0.11,0.06,0.05,0.11,0.09,0.1,0.09,0.11,0.08,0.09,0.15
MPIF.1,0.06,0.11,0.1,0.12,0.13,0.11,0.13,0.1,0.08,0.07,0.12,0.05
PCNA,0.11,0.06,0.06,0.06,0.12,0.07,0.06,0.04,0.09,0.09,0.08,0.03
sRANKL,0.11,0.13,0.15,0.1,0.05,0.09,0.13,0.1,0.04,0.1,0.14,0.12
PAI.1,0.12,0.14,0.1,0.15,0.23,0.2,0.19,0.16,0.29,0.18,0.16,0.18
Apo.E3,0.04,0.04,0.09,0.06,0.13,0.06,0.07,0.03,0.13,0.04,0.06,0.04
Apo.E4,0.06,0.08,0.06,0.09,0.06,0.07,0.11,0.07,0.05,0.08,0.11,0.03
Artemin,0.06,0.07,0.05,0.11,0.12,0.11,0.06,0.09,0.17,0.1,0.09,0.1
Cytochrome.c,0.15,0.13,0.14,0.13,0.13,0.2,0.17,0.18,0.12,0.18,0.18,0.17
Cytochrome.P450.3A4,0.06,0.11,0.05,0.05,0.08,0.11,0.07,0.07,0.07,0.11,0.08,0.06
DAN,0.07,0.13,0.09,0.09,0.16,0.12,0.07,0.04,0.18,0.11,0.07,0.06
ER,0.03,0.02,0.03,0.02,0.07,0.03,0.07,0.04,0.07,0.02,0.06,0.07
Factor.D,0.07,0.08,0.11,0.08,0.11,0.06,0.09,0.07,0.13,0.07,0.07,0.06
Growth.hormone.receptor,0.03,0.01,0.04,0.06,0.1,0.1,0.05,0.04,0.11,0.07,0.02,0.05
GX,0.09,0.1,0.1,0.09,0.09,0.08,0.11,0.11,0.09,0.09,0.12,0.12
IGFBP.4,0.06,0.08,0.08,0.08,0.08,0.1,0.11,0.11,0.06,0.06,0.05,0.12
IGF.I,0.06,0.08,0.13,0.08,0.07,0.09,0.03,0.06,0.09,0.08,0.02,0.07
Luteinizing.hormone,0.02,0.02,0.02,0.01,0.05,0.01,0.04,0.05,0.04,0.03,0.05,0.05
Properdin,0.12,0.07,0.03,0.08,0.17,0.11,0.12,0.09,0.17,0.1,0.13,0.07
Protein.C,0.08,0.09,0.1,0.07,0.1,0.1,0.13,0.09,0.1,0.07,0.11,0.16
PTHrP,0.09,0.08,0.07,0.09,0.12,0.1,0.1,0.08,0.07,0.09,0.15,0.06
SCGF.beta,0.11,0.14,0.08,0.11,0.2,0.23,0.1,0.12,0.24,0.2,0.13,0.1
VCAM.1,0.1,0.16,0.13,0.1,0.05,0.14,0.16,0.15,0.08,0.1,0.17,0.14
TNFSF15,0.09,0.08,0.07,0.06,0.17,0.11,0.11,0.08,0.14,0.14,0.11,0.1
ALK.1,0.05,0.06,0.08,0.05,0.08,0.08,0.06,0.06,0.06,0.08,0.05,0.04
AREG,0.0,0.01,0.0,0.02,0.02,0.02,0.02,0.01,0.01,0.01,0.0,0.01
BMP.7,0.11,0.08,0.09,0.06,0.1,0.1,0.03,0.06,0.08,0.07,0.03,0.07
CD36.ANTIGEN,0.06,0.09,0.05,0.1,0.11,0.08,0.04,0.12,0.09,0.09,0.07,0.09
contactin.1,0.23,0.24,0.21,0.23,0.3,0.3,0.27,0.26,0.3,0.33,0.29,0.26
CTGF,0.07,0.07,0.05,0.04,0.13,0.11,0.08,0.04,0.12,0.1,0.1,0.05
Desmoglein.1,0.04,0.06,0.03,0.04,0.08,0.04,0.02,0.07,0.07,0.09,0.03,0.09
EDAR,0.04,0.04,0.01,0.06,0.06,0.04,0.05,0.06,0.06,0.06,0.06,0.06
ENA.78,0.07,0.05,0.05,0.04,0.12,0.07,0.12,0.07,0.14,0.08,0.12,0.07
ESAM,0.08,0.08,0.02,0.06,0.06,0.08,0.04,0.03,0.06,0.1,0.07,0.05
Galectin.4,0.1,0.13,0.1,0.07,0.11,0.06,0.13,0.09,0.11,0.09,0.13,0.1
Gro.a,0.15,0.11,0.13,0.09,0.15,0.11,0.05,0.06,0.13,0.09,0.08,0.03
Gro.b.g,0.04,0.05,0.06,0.09,0.09,0.08,0.04,0.03,0.05,0.06,0.05,0.03
Histone.H1.2,0.08,0.1,0.15,0.1,0.06,0.05,0.06,0.02,0.1,0.06,0.08,0.04
ICOS,0.06,0.03,0.07,0.06,0.01,0.02,0.0,0.03,0.01,0.03,0.02,0.02
IL.1.sRI,0.08,0.1,0.04,0.07,0.09,0.09,0.03,0.06,0.06,0.15,0.04,0.07
IL.17.sR,0.09,0.06,0.04,0.06,0.08,0.11,0.08,0.09,0.07,0.09,0.06,0.09
IL.18.Rb,0.05,0.05,0.06,0.09,0.04,0.08,0.05,0.03,0.06,0.05,0.05,0.08
IL.1Rrp2,0.1,0.08,0.1,0.15,0.05,0.06,0.1,0.08,0.11,0.08,0.07,0.08
JAM.B,0.06,0.05,0.04,0.07,0.07,0.06,0.06,0.06,0.06,0.06,0.05,0.03
JAM.C,0.01,0.01,0.03,0.02,0.03,0.02,0.02,0.01,0.01,0.02,0.03,0.0
LSAMP,0.05,0.05,0.07,0.11,0.11,0.08,0.05,0.03,0.11,0.11,0.07,0.06
MBL,0.06,0.08,0.1,0.07,0.12,0.1,0.08,0.13,0.17,0.08,0.12,0.16
NKp30,0.06,0.08,0.08,0.06,0.07,0.05,0.06,0.07,0.07,0.02,0.05,0.07
PD.L2,0.05,0.08,0.05,0.17,0.03,0.09,0.08,0.09,0.1,0.08,0.04,0.08
PTP.1B,0.08,0.12,0.13,0.12,0.12,0.11,0.12,0.11,0.14,0.13,0.1,0.09
Siglec.9,0.04,0.03,0.03,0.06,0.17,0.08,0.05,0.09,0.17,0.08,0.08,0.08
TGF.b.R.III,0.01,0.03,0.01,0.07,0.08,0.04,0.01,0.03,0.06,0.07,0.04,0.01
TSLP,0.08,0.05,0.07,0.08,0.04,0.04,0.02,0.03,0.05,0.04,0.02,0.01
CTLA.4,0.05,0.03,0.03,0.07,0.09,0.05,0.04,0.08,0.1,0.05,0.04,0.08
a2.Antiplasmin,0.15,0.16,0.24,0.24,0.17,0.11,0.1,0.1,0.13,0.08,0.08,0.11
bFGF,0.04,0.04,0.03,0.04,0.05,0.04,0.06,0.1,0.04,0.06,0.08,0.05
Calpastatin,0.08,0.1,0.09,0.06,0.11,0.13,0.06,0.06,0.14,0.11,0.09,0.06
Ck.b.8.1,0.09,0.13,0.06,0.08,0.17,0.08,0.08,0.11,0.17,0.1,0.16,0.13
DC.SIGN,0.04,0.09,0.1,0.09,0.13,0.14,0.12,0.12,0.15,0.11,0.15,0.13
DC.SIGNR,0.13,0.11,0.14,0.11,0.12,0.12,0.12,0.12,0.16,0.18,0.1,0.16
FSH,0.06,0.09,0.12,0.03,0.06,0.07,0.13,0.1,0.05,0.11,0.1,0.1
Galectin.2,0.12,0.06,0.05,0.03,0.06,0.03,0.03,0.04,0.07,0.03,0.06,0.02
GFAP,0.1,0.13,0.11,0.1,0.1,0.13,0.11,0.1,0.09,0.1,0.12,0.15
IL.19,0.08,0.08,0.07,0.09,0.1,0.1,0.06,0.06,0.12,0.06,0.06,0.04
IL.1b,0.09,0.13,0.13,0.09,0.12,0.14,0.2,0.17,0.11,0.17,0.16,0.22
I.TAC,0.08,0.06,0.06,0.07,0.07,0.09,0.06,0.1,0.08,0.08,0.07,0.08
MIP.1a,0.16,0.16,0.13,0.15,0.19,0.14,0.14,0.14,0.19,0.16,0.12,0.17
MRC2,0.02,0.06,0.03,0.07,0.06,0.11,0.1,0.09,0.08,0.1,0.07,0.09
Myoglobin,0.12,0.08,0.1,0.05,0.05,0.1,0.05,0.07,0.07,0.12,0.06,0.05
ON,0.06,0.09,0.09,0.12,0.05,0.04,0.08,0.06,0.06,0.03,0.07,0.08
PARC,0.1,0.09,0.08,0.04,0.07,0.07,0.09,0.06,0.14,0.08,0.07,0.04
PTN,0.05,0.13,0.11,0.08,0.12,0.16,0.12,0.2,0.05,0.18,0.17,0.16
resistin,0.06,0.09,0.11,0.06,0.08,0.09,0.04,0.06,0.07,0.07,0.05,0.03
Trypsin,0.27,0.24,0.28,0.31,0.19,0.21,0.16,0.15,0.24,0.21,0.17,0.19
vWF,0.08,0.08,0.14,0.11,0.1,0.11,0.12,0.1,0.2,0.11,0.12,0.07
Fas.ligand..soluble,0.05,0.11,0.1,0.12,0.11,0.05,0.08,0.09,0.12,0.07,0.11,0.1
Flt3.ligand,0.04,0.09,0.06,0.04,0.06,0.04,0.03,0.06,0.07,0.08,0.03,0.05
Haptoglobin..Mixed.Type,0.05,0.07,0.07,0.07,0.1,0.12,0.1,0.14,0.15,0.13,0.12,0.15
IL.4.sR,0.07,0.03,0.04,0.04,0.05,0.06,0.04,0.06,0.03,0.07,0.04,0.05
NKG2D,0.03,0.02,0.06,0.05,0.07,0.03,0.06,0.04,0.08,0.03,0.07,0.04
WISP.1,0.06,0.07,0.03,0.09,0.09,0.13,0.09,0.1,0.12,0.13,0.12,0.06
BAFF,0.06,0.03,0.04,0.05,0.04,0.07,0.03,0.05,0.06,0.04,0.07,0.07
C9,0.13,0.13,0.19,0.15,0.29,0.2,0.14,0.12,0.31,0.19,0.14,0.1
Cathepsin.B,0.11,0.06,0.04,0.12,0.11,0.1,0.07,0.06,0.09,0.07,0.05,0.03
FGF.5,0.06,0.02,0.06,0.07,0.15,0.1,0.05,0.04,0.15,0.09,0.03,0.07
Galectin.3,0.09,0.12,0.1,0.07,0.2,0.12,0.12,0.17,0.19,0.16,0.1,0.15
GDF.9,0.05,0.02,0.06,0.04,0.02,0.01,0.05,0.06,0.06,0.04,0.07,0.08
IgM,0.03,0.04,0.05,0.06,0.09,0.07,0.06,0.03,0.11,0.07,0.05,0.04
IL.2,0.02,0.06,0.03,0.07,0.08,0.06,0.03,0.01,0.05,0.05,0.03,0.02
IL.13,0.11,0.09,0.06,0.06,0.09,0.03,0.04,0.05,0.04,0.06,0.05,0.07
IL.18.BPa,0.06,0.07,0.08,0.06,0.09,0.06,0.04,0.09,0.12,0.08,0.05,0.05
LBP,0.14,0.2,0.19,0.14,0.18,0.23,0.18,0.11,0.23,0.19,0.13,0.15
Coagulation.Factor.Xa,0.1,0.07,0.06,0.13,0.09,0.06,0.06,0.1,0.1,0.06,0.09,0.07
PlGF,0.15,0.13,0.12,0.14,0.14,0.06,0.07,0.06,0.13,0.09,0.1,0.1
TIG2,0.13,0.16,0.06,0.12,0.05,0.13,0.1,0.06,0.03,0.11,0.07,0.07
ULBP.1,0.11,0.15,0.11,0.13,0.1,0.09,0.04,0.05,0.07,0.1,0.07,0.08
ULBP.2,0.08,0.04,0.12,0.04,0.12,0.09,0.1,0.08,0.1,0.11,0.07,0.08
XEDAR,0.06,0.03,0.09,0.04,0.07,0.07,0.05,0.09,0.09,0.08,0.02,0.1
Aurora.kinase.A,0.05,0.05,0.08,0.02,0.04,0.04,0.01,0.06,0.04,0.03,0.01,0.03
MK01,0.08,0.06,0.05,0.03,0.05,0.03,0.04,0.03,0.06,0.02,0.05,0.03
SMAC,0.05,0.05,0.08,0.1,0.09,0.11,0.03,0.04,0.08,0.07,0.02,0.04
VEGF.C,0.02,0.03,0.01,0.07,0.07,0.02,0.02,0.01,0.11,0.04,0.04,0.04
sCD4,0.01,0.02,0.0,0.03,0.06,0.02,0.02,0.02,0.07,0.03,0.02,0.02
IL.2.sRa,0.15,0.07,0.07,0.11,0.07,0.08,0.08,0.09,0.06,0.12,0.1,0.1
TNF.sR.II,0.11,0.07,0.08,0.06,0.11,0.11,0.09,0.09,0.1,0.08,0.13,0.08
Siglec.3,0.05,0.09,0.06,0.04,0.08,0.06,0.06,0.08,0.1,0.07,0.09,0.07
ADAMTS.5,0.08,0.13,0.15,0.07,0.19,0.1,0.14,0.15,0.15,0.07,0.11,0.17
IDUA,0.19,0.15,0.16,0.08,0.08,0.09,0.12,0.13,0.07,0.09,0.12,0.16
AMPM2,0.05,0.06,0.05,0.1,0.03,0.06,0.04,0.04,0.04,0.03,0.03,0.06
amyloid.precursor.protein,0.08,0.1,0.13,0.1,0.07,0.1,0.1,0.13,0.07,0.1,0.1,0.15
ARSB,0.1,0.07,0.08,0.12,0.11,0.11,0.1,0.13,0.11,0.08,0.11,0.15
ASAHL,0.1,0.16,0.1,0.12,0.09,0.05,0.07,0.06,0.08,0.08,0.06,0.05
ATS1,0.04,0.05,0.02,0.05,0.06,0.06,0.04,0.1,0.03,0.08,0.04,0.07
ATS13,0.05,0.06,0.06,0.06,0.09,0.02,0.07,0.05,0.08,0.05,0.09,0.06
Carbonic.Anhydrase.IV,0.04,0.06,0.07,0.09,0.06,0.06,0.06,0.05,0.07,0.07,0.07,0.08
CATC,0.06,0.09,0.15,0.08,0.13,0.06,0.09,0.02,0.18,0.06,0.05,0.05
Cathepsin.A,0.13,0.14,0.11,0.09,0.17,0.13,0.13,0.1,0.22,0.15,0.13,0.08
Cathepsin.S,0.15,0.12,0.16,0.1,0.12,0.13,0.13,0.13,0.12,0.11,0.15,0.16
CD39,0.06,0.06,0.04,0.05,0.08,0.11,0.03,0.02,0.07,0.08,0.05,0.08
Coagulation.Factor.VII,0.08,0.09,0.08,0.07,0.17,0.09,0.06,0.07,0.1,0.06,0.05,0.07
C2,0.05,0.08,0.1,0.08,0.06,0.06,0.08,0.05,0.07,0.04,0.05,0.06
CRIS3,0.08,0.1,0.11,0.07,0.06,0.05,0.09,0.08,0.07,0.04,0.07,0.07
Enterokinase,0.01,0.0,0.02,0.01,0.06,0.01,0.0,0.03,0.07,0.03,0.01,0.03
WFKN1,0.1,0.12,0.08,0.04,0.08,0.07,0.06,0.11,0.13,0.08,0.06,0.07
Glutamate.carboxypeptidase,0.04,0.04,0.07,0.05,0.1,0.1,0.09,0.04,0.1,0.09,0.1,0.05
GPVI,0.07,0.14,0.08,0.06,0.07,0.12,0.11,0.08,0.07,0.09,0.13,0.07
Granulysin,0.1,0.18,0.09,0.03,0.08,0.07,0.16,0.15,0.07,0.11,0.17,0.19
HPLN1,0.11,0.15,0.19,0.16,0.1,0.19,0.14,0.15,0.09,0.21,0.15,0.14
IDE,0.05,0.12,0.1,0.09,0.02,0.04,0.01,0.04,0.05,0.06,0.02,0.01
IDS,0.02,0.08,0.03,0.1,0.1,0.09,0.12,0.08,0.06,0.1,0.14,0.14
kallikrein.12,0.06,0.09,0.04,0.06,0.03,0.05,0.06,0.09,0.04,0.09,0.06,0.09
kallikrein.13,0.13,0.06,0.08,0.07,0.14,0.16,0.13,0.08,0.11,0.09,0.16,0.07
kallikrein.5,0.08,0.11,0.11,0.07,0.11,0.08,0.1,0.11,0.06,0.12,0.08,0.06
KREM2,0.03,0.04,0.06,0.06,0.01,0.05,0.05,0.07,0.02,0.05,0.05,0.05
LKHA4,0.08,0.1,0.07,0.08,0.08,0.06,0.07,0.08,0.09,0.08,0.06,0.07
LYVE1,0.1,0.1,0.09,0.05,0.07,0.12,0.04,0.17,0.07,0.08,0.06,0.17
MATN3,0.01,0.04,0.03,0.01,0.04,0.02,0.01,0.03,0.04,0.05,0.02,0.03
MEPE,0.08,0.1,0.12,0.12,0.04,0.05,0.05,0.07,0.06,0.09,0.07,0.09
METAP1,0.03,0.02,0.04,0.01,0.03,0.01,0.01,0.03,0.03,0.02,0.02,0.02
ASAH2,0.08,0.04,0.09,0.1,0.15,0.11,0.07,0.07,0.09,0.16,0.05,0.11
Nidogen,0.08,0.12,0.05,0.11,0.1,0.03,0.08,0.04,0.14,0.05,0.1,0.03
PIGR,0.09,0.08,0.14,0.08,0.15,0.14,0.17,0.12,0.19,0.19,0.18,0.15
Protease.nexin.I,0.05,0.03,0.07,0.08,0.14,0.08,0.03,0.04,0.12,0.08,0.04,0.02
RET,0.06,0.06,0.13,0.13,0.12,0.13,0.13,0.13,0.16,0.15,0.13,0.1
SARP.2,0.16,0.09,0.09,0.13,0.12,0.19,0.14,0.11,0.1,0.2,0.16,0.16
Semaphorin.3A,0.05,0.06,0.08,0.1,0.15,0.03,0.06,0.03,0.18,0.03,0.06,0.05
TrATPase,0.06,0.06,0.06,0.08,0.07,0.1,0.07,0.08,0.06,0.11,0.04,0.08
URB,0.07,0.05,0.05,0.05,0.07,0.06,0.05,0.07,0.07,0.05,0.04,0.04
WFKN2,0.11,0.05,0.14,0.09,0.05,0.08,0.1,0.06,0.06,0.07,0.09,0.07
Aggrecan,0.2,0.16,0.16,0.16,0.09,0.14,0.12,0.14,0.1,0.12,0.09,0.12
ANGL3,0.24,0.16,0.16,0.16,0.14,0.16,0.2,0.15,0.13,0.13,0.19,0.14
BGH3,0.12,0.23,0.18,0.15,0.3,0.17,0.14,0.15,0.29,0.15,0.16,0.17
BGN,0.11,0.18,0.18,0.2,0.2,0.15,0.17,0.14,0.18,0.14,0.17,0.15
C1r,0.07,0.13,0.1,0.15,0.11,0.07,0.05,0.11,0.12,0.1,0.1,0.09
Carbonic.Anhydrase.X,0.01,0.06,0.04,0.03,0.02,0.03,0.05,0.05,0.03,0.04,0.09,0.06
CD109,0.07,0.04,0.08,0.09,0.07,0.09,0.09,0.04,0.05,0.08,0.12,0.08
CD23,0.07,0.06,0.06,0.04,0.08,0.07,0.08,0.1,0.08,0.08,0.13,0.13
CD48,0.05,0.09,0.08,0.1,0.06,0.09,0.08,0.05,0.1,0.05,0.09,0.03
CD5L,0.06,0.01,0.04,0.07,0.06,0.06,0.09,0.04,0.06,0.11,0.08,0.06
CFC1,0.07,0.04,0.1,0.07,0.09,0.1,0.11,0.08,0.08,0.1,0.15,0.08
CNTN2,0.09,0.08,0.07,0.01,0.06,0.05,0.06,0.05,0.04,0.08,0.03,0.09
Contactin.4,0.03,0.04,0.05,0.07,0.08,0.1,0.01,0.07,0.1,0.06,0.05,0.07
Contactin.5,0.1,0.08,0.11,0.12,0.1,0.06,0.08,0.06,0.08,0.06,0.06,0.08
CYTF,0.05,0.09,0.11,0.05,0.11,0.07,0.08,0.07,0.16,0.11,0.06,0.06
Cystatin.M,0.04,0.08,0.1,0.08,0.07,0.03,0.03,0.1,0.08,0.02,0.06,0.1
DLL4,0.13,0.11,0.09,0.07,0.07,0.08,0.04,0.09,0.06,0.08,0.09,0.1
FCG2A,0.08,0.05,0.08,0.09,0.11,0.08,0.15,0.08,0.12,0.06,0.11,0.09
FCG2B,0.04,0.06,0.1,0.08,0.1,0.05,0.04,0.03,0.13,0.04,0.05,0.04
FCG3B,0.06,0.07,0.12,0.03,0.06,0.04,0.04,0.08,0.08,0.05,0.04,0.04
FCGR1,0.02,0.02,0.02,0.02,0.01,0.02,0.02,0.03,0.01,0.04,0.03,0.03
FCN2,0.07,0.1,0.19,0.16,0.2,0.14,0.14,0.19,0.27,0.14,0.14,0.15
GFRa.1,0.11,0.1,0.11,0.11,0.12,0.15,0.06,0.1,0.1,0.13,0.11,0.1
GPC2,0.02,0.04,0.03,0.04,0.05,0.02,0.01,0.03,0.08,0.03,0.03,0.03
Heparin.cofactor.II,0.05,0.04,0.12,0.05,0.07,0.08,0.1,0.08,0.07,0.13,0.11,0.09
HTRA2,0.09,0.09,0.09,0.06,0.09,0.1,0.08,0.05,0.12,0.08,0.08,0.04
IGFBP.7,0.06,0.02,0.04,0.03,0.08,0.08,0.09,0.08,0.1,0.05,0.07,0.06
IL24,0.13,0.08,0.11,0.1,0.11,0.1,0.11,0.09,0.14,0.08,0.15,0.11
LRIG3,0.09,0.03,0.04,0.03,0.06,0.06,0.09,0.12,0.02,0.09,0.07,0.1
LRP8,0.04,0.07,0.11,0.07,0.06,0.03,0.04,0.05,0.1,0.03,0.05,0.1
LY9,0.08,0.1,0.07,0.11,0.12,0.09,0.08,0.04,0.1,0.08,0.09,0.06
MATN2,0.13,0.1,0.08,0.04,0.09,0.01,0.03,0.01,0.05,0.01,0.04,0.06
Nectin.like.protein.2,0.13,0.12,0.13,0.11,0.17,0.18,0.16,0.09,0.17,0.21,0.15,0.13
NET4,0.07,0.13,0.07,0.07,0.12,0.12,0.09,0.09,0.15,0.1,0.12,0.08
PGRP.S,0.02,0.03,0.02,0.02,0.06,0.04,0.04,0.05,0.08,0.05,0.05,0.05
RGMB,0.05,0.1,0.06,0.04,0.07,0.03,0.03,0.04,0.09,0.04,0.04,0.01
RGM.C,0.07,0.07,0.07,0.06,0.05,0.07,0.07,0.07,0.07,0.05,0.05,0.11
TFPI,0.05,0.06,0.07,0.06,0.05,0.07,0.02,0.07,0.06,0.02,0.04,0.04
TSP2,0.18,0.13,0.17,0.13,0.21,0.23,0.1,0.13,0.24,0.21,0.1,0.14
TSP4,0.06,0.03,0.05,0.06,0.08,0.1,0.09,0.09,0.09,0.13,0.1,0.06
ABL1,0.1,0.08,0.13,0.07,0.09,0.09,0.05,0.09,0.08,0.1,0.06,0.06
Aminoacylase.1,0.06,0.05,0.06,0.07,0.1,0.13,0.02,0.05,0.11,0.06,0.03,0.06
Antithrombin.III,0.26,0.21,0.26,0.27,0.26,0.17,0.28,0.17,0.2,0.2,0.2,0.19
AURKB,0.03,0.04,0.01,0.03,0.02,0.04,0.02,0.06,0.01,0.02,0.05,0.06
BARK1,0.02,0.01,0.02,0.02,0.01,0.01,0.02,0.02,0.02,0.0,0.04,0.01
BMP.1,0.22,0.22,0.2,0.24,0.2,0.23,0.23,0.25,0.25,0.25,0.25,0.2
CAMK2A,0.02,0.01,0.04,0.02,0.05,0.07,0.08,0.06,0.04,0.07,0.08,0.04
CAMK2B,0.04,0.06,0.04,0.05,0.05,0.1,0.05,0.06,0.05,0.08,0.08,0.1
Carbonic.anhydrase.6,0.02,0.04,0.05,0.02,0.04,0.06,0.05,0.08,0.04,0.04,0.08,0.08
Carbonic.anhydrase.VII,0.04,0.02,0.08,0.07,0.04,0.1,0.08,0.06,0.04,0.1,0.07,0.07
CDK2.cyclin.A,0.03,0.03,0.05,0.1,0.04,0.09,0.06,0.05,0.04,0.07,0.07,0.04
CDK5.p35,0.05,0.05,0.04,0.08,0.08,0.03,0.06,0.04,0.06,0.03,0.04,0.03
CDK8.cyclin.C,0.01,0.04,0.05,0.05,0.05,0.02,0.05,0.03,0.03,0.03,0.05,0.05
Chk2,0.15,0.11,0.07,0.09,0.08,0.12,0.13,0.16,0.07,0.1,0.13,0.09
CLC4K,0.04,0.01,0.09,0.04,0.02,0.06,0.08,0.04,0.06,0.06,0.05,0.03
CRDL1,0.07,0.09,0.08,0.06,0.04,0.02,0.04,0.02,0.04,0.05,0.04,0.05
CSK,0.01,0.02,0.02,0.01,0.01,0.01,0.02,0.01,0.02,0.01,0.02,0.01
Cathepsin.V,0.04,0.07,0.08,0.1,0.08,0.05,0.06,0.03,0.05,0.08,0.04,0.08
Dkk.4,0.08,0.1,0.13,0.08,0.08,0.08,0.04,0.03,0.09,0.1,0.04,0.04
ECM1,0.09,0.16,0.19,0.14,0.19,0.17,0.11,0.12,0.26,0.2,0.06,0.14
FETUB,0.05,0.08,0.04,0.06,0.09,0.08,0.1,0.1,0.09,0.08,0.08,0.1
Granzyme.H,0.14,0.17,0.16,0.13,0.12,0.13,0.16,0.12,0.12,0.13,0.16,0.15
HCK,0.08,0.05,0.06,0.06,0.06,0.07,0.05,0.03,0.03,0.1,0.04,0.04
IL.17.RD,0.1,0.11,0.17,0.12,0.11,0.19,0.07,0.11,0.09,0.15,0.13,0.08
Kallikrein.7,0.11,0.09,0.07,0.07,0.13,0.16,0.12,0.11,0.15,0.17,0.14,0.1
KPCI,0.0,0.02,0.05,0.03,0.01,0.06,0.03,0.05,0.0,0.05,0.03,0.02
LYNB,0.04,0.03,0.03,0.02,0.07,0.02,0.05,0.08,0.04,0.02,0.04,0.07
PAK3,0.06,0.08,0.08,0.09,0.04,0.03,0.05,0.04,0.07,0.04,0.03,0.07
PAK7,0.1,0.13,0.07,0.06,0.04,0.06,0.06,0.03,0.05,0.07,0.08,0.03
PCI,0.1,0.08,0.08,0.1,0.03,0.12,0.08,0.09,0.05,0.09,0.08,0.09
PIK3CA.PIK3R1,0.04,0.06,0.04,0.03,0.04,0.02,0.02,0.02,0.04,0.02,0.02,0.05
PK3CG,0.01,0.01,0.06,0.05,0.06,0.04,0.01,0.05,0.04,0.07,0.01,0.04
PKB.a.b.g,0.01,0.0,0.01,0.01,0.05,0.05,0.05,0.04,0.05,0.03,0.01,0.05
PLK.1,0.04,0.04,0.04,0.04,0.04,0.09,0.04,0.05,0.04,0.05,0.08,0.05
Renin,0.11,0.1,0.09,0.04,0.14,0.08,0.15,0.13,0.12,0.08,0.09,0.12
SHP.2,0.06,0.06,0.03,0.04,0.06,0.07,0.07,0.03,0.07,0.05,0.03,0.04
STAB2,0.04,0.05,0.06,0.06,0.07,0.08,0.13,0.06,0.09,0.1,0.1,0.06
TBK1,0.09,0.04,0.08,0.01,0.02,0.05,0.02,0.04,0.02,0.03,0.03,0.04
TCPTP,0.08,0.06,0.1,0.07,0.1,0.09,0.06,0.07,0.15,0.08,0.07,0.1
TPSB2,0.07,0.08,0.06,0.06,0.04,0.04,0.01,0.03,0.02,0.03,0.02,0.03
TPSG1,0.18,0.23,0.24,0.21,0.22,0.18,0.15,0.12,0.22,0.2,0.18,0.12
UFC1,0.05,0.1,0.05,0.07,0.05,0.06,0.05,0.05,0.05,0.06,0.03,0.09
Bcl.2,0.01,0.0,0.0,0.03,0.03,0.03,0.04,0.02,0.03,0.03,0.02,0.02
BFL1,0.09,0.04,0.1,0.06,0.04,0.04,0.03,0.03,0.07,0.02,0.04,0.04
BMX,0.13,0.07,0.1,0.07,0.12,0.09,0.1,0.1,0.09,0.09,0.11,0.14
BSP,0.04,0.04,0.06,0.12,0.09,0.05,0.04,0.08,0.08,0.06,0.05,0.06
BTK,0.02,0.02,0.01,0.01,0.03,0.03,0.02,0.01,0.02,0.01,0.01,0.01
CAMK1D,0.06,0.03,0.05,0.04,0.04,0.03,0.05,0.03,0.03,0.07,0.05,0.04
CAMK2D,0.04,0.02,0.05,0.01,0.02,0.03,0.02,0.05,0.01,0.02,0.02,0.01
Carbonic.anhydrase.XIII,0.03,0.05,0.05,0.03,0.08,0.08,0.05,0.05,0.07,0.08,0.05,0.06
CD30.Ligand,0.06,0.08,0.06,0.04,0.07,0.13,0.09,0.07,0.09,0.1,0.08,0.06
CDK1.cyclin.B,0.09,0.09,0.09,0.06,0.1,0.06,0.05,0.08,0.08,0.05,0.04,0.08
Chymase,0.04,0.06,0.05,0.07,0.03,0.02,0.06,0.03,0.03,0.04,0.05,0.03
CSK21,0.02,0.05,0.07,0.03,0.05,0.08,0.05,0.07,0.05,0.06,0.04,0.04
EphA1,0.06,0.05,0.08,0.05,0.05,0.09,0.06,0.08,0.06,0.06,0.07,0.12
EPHA3,0.03,0.06,0.05,0.05,0.07,0.08,0.05,0.03,0.05,0.03,0.06,0.05
FN1.3,0.08,0.04,0.08,0.05,0.07,0.05,0.06,0.09,0.11,0.1,0.09,0.08
FN1.4,0.06,0.07,0.06,0.08,0.08,0.06,0.04,0.05,0.09,0.1,0.08,0.02
Flt.3,0.02,0.02,0.05,0.03,0.04,0.02,0.02,0.05,0.02,0.0,0.02,0.02
FSTL3,0.21,0.11,0.16,0.13,0.26,0.17,0.1,0.13,0.21,0.2,0.09,0.11
granzyme.A,0.03,0.05,0.05,0.06,0.05,0.05,0.03,0.06,0.08,0.05,0.07,0.05
GSK.3.alpha.beta,0.0,0.01,0.0,0.03,0.0,0.02,0.02,0.01,0.0,0.01,0.04,0.01
HIPK3,0.0,0.04,0.02,0.11,0.05,0.05,0.06,0.06,0.04,0.03,0.05,0.08
IL.15.Ra,0.0,0.01,0.0,0.03,0.05,0.02,0.02,0.07,0.05,0.02,0.02,0.05
IL.18.Ra,0.17,0.2,0.2,0.19,0.14,0.18,0.14,0.18,0.16,0.15,0.15,0.16
IL.8,0.08,0.12,0.13,0.11,0.14,0.06,0.06,0.11,0.16,0.13,0.06,0.1
IR,0.04,0.06,0.0,0.03,0.01,0.04,0.01,0.05,0.06,0.03,0.06,0.05
Kallistatin,0.1,0.06,0.14,0.06,0.04,0.06,0.07,0.09,0.06,0.04,0.06,0.08
Kallikrein.6,0.02,0.02,0.06,0.03,0.06,0.07,0.05,0.09,0.07,0.05,0.05,0.09
LCK,0.03,0.05,0.04,0.02,0.06,0.08,0.04,0.04,0.07,0.08,0.05,0.04
LYN,0.0,0.01,0.03,0.04,0.02,0.02,0.01,0.0,0.03,0.02,0.01,0.0
Periostin,0.07,0.08,0.07,0.03,0.05,0.08,0.01,0.05,0.02,0.09,0.05,0.03
PDGF.Rb,0.02,0.02,0.02,0.03,0.09,0.05,0.05,0.05,0.11,0.07,0.06,0.07
PGCB,0.04,0.05,0.04,0.02,0.03,0.06,0.03,0.0,0.05,0.02,0.04,0.06
PRKACA,0.01,0.03,0.03,0.02,0.03,0.03,0.04,0.05,0.05,0.02,0.05,0.03
RPS6KA3,0.0,0.01,0.06,0.04,0.04,0.04,0.04,0.04,0.04,0.04,0.04,0.03
sE.Selectin,0.18,0.21,0.19,0.19,0.09,0.16,0.15,0.18,0.15,0.16,0.21,0.22
STK16,0.04,0.11,0.03,0.05,0.0,0.08,0.04,0.06,0.03,0.05,0.06,0.07
Survivin,0.07,0.07,0.12,0.07,0.04,0.03,0.03,0.07,0.03,0.02,0.06,0.1
Thrombopoietin.Receptor,0.11,0.12,0.09,0.2,0.09,0.07,0.1,0.1,0.06,0.1,0.07,0.07
Thrombospondin.1,0.05,0.11,0.14,0.11,0.1,0.07,0.06,0.03,0.1,0.08,0.04,0.03
TrkA,0.14,0.12,0.08,0.11,0.11,0.09,0.07,0.1,0.08,0.1,0.06,0.05
TRY3,0.07,0.09,0.08,0.08,0.04,0.04,0.03,0.08,0.05,0.07,0.05,0.05
DUS3,0.03,0.0,0.02,0.02,0.0,0.04,0.02,0.01,0.0,0.02,0.01,0.03
XPNPEP1,0.06,0.05,0.09,0.06,0.12,0.05,0.09,0.03,0.08,0.05,0.1,0.05
Angiotensinogen,0.03,0.04,0.11,0.04,0.1,0.1,0.06,0.06,0.08,0.08,0.08,0.09
b2.Microglobulin,0.15,0.11,0.13,0.11,0.09,0.09,0.1,0.14,0.12,0.08,0.1,0.17
b.ECGF,0.06,0.01,0.09,0.1,0.05,0.08,0.05,0.04,0.05,0.05,0.06,0.05
BLC,0.13,0.1,0.16,0.07,0.08,0.1,0.12,0.1,0.06,0.1,0.09,0.18
Catalase,0.05,0.12,0.07,0.08,0.06,0.09,0.07,0.04,0.08,0.08,0.06,0.05
CNTF,0.04,0.09,0.08,0.13,0.07,0.15,0.09,0.04,0.1,0.15,0.07,0.08
FGF.17,0.13,0.12,0.12,0.12,0.14,0.13,0.13,0.07,0.12,0.11,0.13,0.07
GCP.2,0.08,0.06,0.06,0.06,0.08,0.07,0.04,0.02,0.11,0.05,0.05,0.06
IFN.aA,0.06,0.06,0.11,0.09,0.11,0.09,0.07,0.02,0.08,0.06,0.05,0.09
IL.17B,0.08,0.11,0.07,0.08,0.07,0.1,0.13,0.13,0.07,0.12,0.09,0.11
Integrin.a1b1,0.07,0.07,0.03,0.04,0.03,0.07,0.05,0.1,0.02,0.04,0.05,0.04
LEAP.1,0.09,0.13,0.14,0.06,0.17,0.09,0.17,0.14,0.16,0.1,0.13,0.14
Lymphotoxin.a1.b2,0.05,0.06,0.06,0.08,0.07,0.04,0.1,0.09,0.12,0.08,0.15,0.14
Lymphotoxin.a2.b1,0.06,0.07,0.08,0.1,0.03,0.04,0.05,0.1,0.06,0.02,0.04,0.08
MDC,0.04,0.06,0.02,0.05,0.1,0.06,0.03,0.06,0.09,0.04,0.05,0.04
MIP.5,0.08,0.1,0.07,0.07,0.05,0.09,0.06,0.05,0.08,0.05,0.07,0.06
Proteinase.3,0.05,0.06,0.11,0.07,0.04,0.05,0.08,0.08,0.05,0.1,0.08,0.1
SDF.1,0.15,0.1,0.12,0.1,0.28,0.18,0.17,0.14,0.22,0.16,0.2,0.2
TAFI,0.12,0.1,0.06,0.06,0.08,0.05,0.1,0.05,0.11,0.05,0.1,0.12
TARC,0.06,0.09,0.04,0.08,0.1,0.07,0.08,0.04,0.08,0.06,0.08,0.06
TGF.b3,0.08,0.1,0.08,0.07,0.04,0.03,0.05,0.02,0.06,0.05,0.05,0.03
TSH,0.13,0.16,0.14,0.13,0.12,0.06,0.09,0.1,0.07,0.11,0.09,0.06
Vasoactive.Intestinal.Peptide,0.01,0.07,0.05,0.02,0.03,0.01,0.03,0.01,0.04,0.02,0.03,0.02
CD40.ligand..soluble,0.07,0.06,0.06,0.06,0.08,0.03,0.0,0.03,0.04,0.04,0.01,0.02
DKK1,0.12,0.09,0.07,0.12,0.04,0.05,0.08,0.08,0.07,0.05,0.09,0.08
dopa.decarboxylase,0.17,0.14,0.2,0.21,0.09,0.18,0.11,0.13,0.09,0.18,0.13,0.11
Adiponectin,0.05,0.09,0.09,0.09,0.11,0.09,0.08,0.1,0.09,0.09,0.08,0.09
a1.Antitrypsin,0.1,0.1,0.15,0.16,0.15,0.17,0.11,0.15,0.14,0.13,0.11,0.14
a2.HS.Glycoprotein,0.4,0.42,0.35,0.29,0.37,0.34,0.21,0.24,0.23,0.32,0.19,0.26
Arylsulfatase.A,0.06,0.07,0.07,0.09,0.09,0.05,0.1,0.1,0.07,0.05,0.07,0.07
BASI,0.09,0.07,0.14,0.11,0.07,0.13,0.1,0.16,0.07,0.11,0.11,0.13
BMP10,0.02,0.05,0.06,0.05,0.0,0.03,0.01,0.03,0.04,0.03,0.02,0.05
Cadherin.6,0.05,0.05,0.04,0.04,0.06,0.02,0.06,0.02,0.03,0.02,0.05,0.03
CAMK1,0.06,0.06,0.08,0.05,0.01,0.07,0.07,0.05,0.02,0.06,0.06,0.08
Caspase.3,0.04,0.05,0.03,0.03,0.02,0.04,0.03,0.06,0.02,0.06,0.05,0.08
CATE,0.05,0.03,0.03,0.05,0.05,0.03,0.04,0.05,0.06,0.05,0.03,0.03
Chitotriosidase.1,0.06,0.03,0.03,0.03,0.08,0.08,0.05,0.11,0.04,0.05,0.08,0.07
CHL1,0.17,0.29,0.22,0.24,0.25,0.2,0.21,0.2,0.23,0.18,0.23,0.22
CLC7A,0.03,0.05,0.07,0.05,0.08,0.06,0.06,0.04,0.14,0.06,0.06,0.06
MASP3,0.04,0.07,0.1,0.08,0.08,0.07,0.07,0.06,0.08,0.07,0.08,0.07
Discoidin.domain.receptor.2,0.03,0.01,0.0,0.01,0.03,0.05,0.03,0.02,0.02,0.06,0.02,0.02
DKK3,0.1,0.09,0.08,0.08,0.04,0.05,0.04,0.05,0.1,0.05,0.04,0.04
DPP2,0.1,0.04,0.03,0.02,0.05,0.08,0.05,0.04,0.05,0.09,0.13,0.08
Endothelin.converting.enzyme.1,0.13,0.15,0.14,0.17,0.15,0.1,0.12,0.12,0.12,0.1,0.09,0.09
EphB4,0.11,0.19,0.24,0.13,0.18,0.11,0.14,0.07,0.16,0.12,0.12,0.07
FCN1,0.15,0.16,0.2,0.15,0.3,0.16,0.23,0.18,0.34,0.18,0.2,0.21
GNS,0.1,0.07,0.09,0.13,0.12,0.08,0.1,0.09,0.14,0.09,0.09,0.03
HGFA,0.06,0.04,0.09,0.08,0.1,0.15,0.08,0.13,0.12,0.15,0.08,0.08
IL22RA1,0.02,0.05,0.02,0.02,0.02,0.02,0.03,0.03,0.05,0.05,0.03,0.02
LGMN,0.04,0.08,0.04,0.05,0.12,0.06,0.1,0.06,0.06,0.06,0.07,0.04
LY86,0.09,0.03,0.06,0.04,0.06,0.06,0.04,0.05,0.04,0.04,0.05,0.07
Marapsin,0.04,0.06,0.05,0.09,0.06,0.08,0.05,0.05,0.09,0.09,0.06,0.02
MMEL2,0.07,0.07,0.09,0.02,0.05,0.03,0.03,0.03,0.04,0.06,0.04,0.05
MP2K2,0.13,0.1,0.15,0.14,0.04,0.04,0.06,0.06,0.06,0.09,0.05,0.08
MRCKB,0.06,0.05,0.05,0.08,0.05,0.03,0.02,0.04,0.05,0.01,0.04,0.02
Nectin.like.protein.1,0.05,0.03,0.02,0.02,0.07,0.04,0.03,0.0,0.09,0.02,0.04,0.03
NID2,0.18,0.2,0.18,0.17,0.25,0.18,0.13,0.17,0.31,0.2,0.15,0.16
OBCAM,0.08,0.12,0.06,0.07,0.06,0.05,0.03,0.06,0.03,0.06,0.04,0.07
OCAD1,0.02,0.07,0.07,0.03,0.05,0.04,0.04,0.03,0.05,0.04,0.07,0.05
OLR1,0.07,0.15,0.08,0.12,0.1,0.19,0.15,0.19,0.11,0.17,0.15,0.19
RAP,0.08,0.18,0.14,0.13,0.23,0.21,0.15,0.14,0.22,0.17,0.15,0.16
SLAF5,0.11,0.14,0.13,0.13,0.17,0.13,0.04,0.09,0.17,0.15,0.09,0.1
SLIK1,0.06,0.06,0.06,0.07,0.07,0.01,0.01,0.04,0.06,0.02,0.0,0.02
Soggy.1,0.04,0.04,0.06,0.05,0.05,0.04,0.04,0.04,0.05,0.02,0.07,0.01
TEC,0.02,0.04,0.03,0.03,0.03,0.05,0.04,0.03,0.03,0.05,0.03,0.04
TLR4.MD.2.complex,0.19,0.28,0.32,0.23,0.24,0.18,0.15,0.18,0.2,0.19,0.13,0.16
VEGF.sR2,0.13,0.15,0.09,0.11,0.18,0.19,0.14,0.11,0.19,0.19,0.11,0.09
BMPER,0.04,0.07,0.08,0.08,0.04,0.04,0.07,0.06,0.05,0.07,0.06,0.04
Cadherin.12,0.02,0.06,0.02,0.02,0.05,0.03,0.02,0.02,0.05,0.02,0.02,0.02
Calcineurin.B.a,0.03,0.06,0.01,0.07,0.02,0.03,0.03,0.04,0.03,0.02,0.02,0.03
complement.factor.H.related.5,0.07,0.09,0.07,0.09,0.09,0.07,0.05,0.08,0.05,0.08,0.06,0.07
IGF.II.receptor,0.02,0.07,0.08,0.08,0.05,0.05,0.04,0.03,0.06,0.03,0.04,0.05
kallikrein.14,0.0,0.06,0.04,0.02,0.01,0.02,0.03,0.03,0.05,0.02,0.06,0.06
Macrophage.scavenger.receptor,0.12,0.1,0.14,0.14,0.05,0.12,0.12,0.12,0.07,0.07,0.1,0.11
MFRP,0.01,0.04,0.0,0.01,0.01,0.0,0.03,0.0,0.0,0.0,0.02,0.0
Albumin,0.11,0.18,0.08,0.09,0.09,0.04,0.08,0.08,0.08,0.07,0.06,0.05
a2.Macroglobulin,0.1,0.1,0.04,0.0,0.08,0.1,0.05,0.13,0.04,0.13,0.09,0.11
ALT,0.1,0.16,0.15,0.11,0.1,0.04,0.09,0.1,0.07,0.05,0.08,0.12
Angiostatin,0.2,0.19,0.11,0.07,0.17,0.1,0.12,0.12,0.05,0.1,0.13,0.1
CK.MB,0.04,0.07,0.03,0.07,0.04,0.07,0.03,0.02,0.04,0.03,0.05,0.03
p27Kip1,0.1,0.08,0.05,0.1,0.07,0.08,0.06,0.05,0.07,0.06,0.04,0.04
BNP.32,0.18,0.14,0.15,0.2,0.18,0.15,0.1,0.1,0.15,0.13,0.12,0.11
PYY,0.07,0.05,0.08,0.06,0.14,0.05,0.09,0.09,0.08,0.06,0.06,0.04
Secretin,0.04,0.09,0.11,0.1,0.03,0.04,0.02,0.0,0.03,0.01,0.07,0.02
TNR4,0.07,0.05,0.1,0.07,0.03,0.05,0.08,0.08,0.07,0.08,0.09,0.07
CSF.1,0.03,0.03,0.0,0.01,0.03,0.05,0.0,0.01,0.06,0.04,0.02,0.02
Activated.Protein.C,0.07,0.14,0.06,0.07,0.06,0.05,0.07,0.04,0.03,0.04,0.05,0.06
COX.2,0.03,0.06,0.04,0.08,0.06,0.04,0.01,0.01,0.03,0.02,0.01,0.05
STX1a,0.04,0.02,0.05,0.05,0.05,0.03,0.02,0.03,0.02,0.02,0.07,0.03
sTie.2,0.16,0.14,0.13,0.15,0.11,0.09,0.15,0.15,0.12,0.13,0.16,0.16
ADAM.9,0.09,0.09,0.09,0.07,0.03,0.06,0.03,0.05,0.03,0.08,0.06,0.03
ANGL4,0.07,0.07,0.07,0.07,0.06,0.07,0.06,0.03,0.11,0.08,0.06,0.02
Cadherin.2,0.06,0.04,0.05,0.09,0.06,0.06,0.14,0.04,0.04,0.09,0.08,0.07
Carbonic.anhydrase.9,0.05,0.03,0.05,0.06,0.05,0.07,0.04,0.07,0.05,0.03,0.03,0.07
Carbonic.anhydrase.III,0.08,0.11,0.08,0.04,0.13,0.17,0.09,0.09,0.18,0.15,0.12,0.08
CK.BB,0.03,0.01,0.03,0.05,0.1,0.03,0.04,0.05,0.07,0.07,0.04,0.04
Cystatin.S,0.13,0.06,0.07,0.07,0.06,0.05,0.06,0.03,0.05,0.05,0.03,0.04
CYTD,0.04,0.04,0.02,0.03,0.07,0.09,0.05,0.03,0.05,0.08,0.03,0.04
Endocan,0.03,0.06,0.09,0.07,0.11,0.08,0.04,0.05,0.12,0.08,0.09,0.06
EphA5,0.01,0.04,0.06,0.02,0.1,0.06,0.03,0.05,0.05,0.05,0.03,0.02
FGF23,0.04,0.12,0.05,0.1,0.03,0.04,0.05,0.04,0.04,0.05,0.05,0.05
FGFR.2,0.03,0.07,0.06,0.01,0.05,0.02,0.04,0.01,0.04,0.01,0.06,0.0
FGFR.3,0.01,0.03,0.03,0.06,0.08,0.06,0.07,0.02,0.07,0.05,0.07,0.06
FGR,0.07,0.11,0.06,0.02,0.04,0.05,0.03,0.06,0.05,0.04,0.09,0.1
FYN,0.04,0.04,0.03,0.03,0.05,0.06,0.03,0.05,0.06,0.05,0.03,0.04
IL.12.RB2,0.12,0.13,0.16,0.15,0.11,0.12,0.11,0.14,0.11,0.12,0.1,0.14
KPCT,0.03,0.01,0.0,0.0,0.02,0.03,0.02,0.04,0.02,0.03,0.04,0.03
MAPK2,0.04,0.0,0.03,0.02,0.0,0.01,0.03,0.03,0.01,0.02,0.02,0.02
MAPK5,0.04,0.08,0.04,0.02,0.08,0.04,0.03,0.06,0.11,0.04,0.03,0.05
MAPKAPK3,0.09,0.09,0.08,0.13,0.06,0.06,0.07,0.03,0.08,0.05,0.07,0.06
MATK,0.03,0.03,0.02,0.03,0.02,0.05,0.01,0.06,0.05,0.08,0.05,0.05
MK08,0.03,0.06,0.03,0.06,0.03,0.04,0.03,0.06,0.02,0.07,0.06,0.08
PAK6,0.03,0.03,0.03,0.05,0.04,0.04,0.03,0.04,0.05,0.06,0.06,0.05
PDGF.CC,0.03,0.03,0.05,0.04,0.03,0.06,0.01,0.04,0.03,0.04,0.01,0.0
pTEN,0.04,0.04,0.06,0.05,0.03,0.06,0.01,0.04,0.07,0.07,0.01,0.08
PTK6,0.05,0.03,0.04,0.04,0.04,0.02,0.06,0.07,0.03,0.05,0.05,0.08
TLR2,0.03,0.07,0.1,0.08,0.02,0.02,0.03,0.07,0.03,0.06,0.03,0.09
UFM1,0.03,0.07,0.06,0.04,0.03,0.05,0.04,0.06,0.07,0.03,0.03,0.06
AIP,0.02,0.02,0.02,0.02,0.05,0.04,0.04,0.01,0.05,0.06,0.04,0.02
Cyclophilin.A,0.03,0.01,0.01,0.01,0.0,0.01,0.0,0.0,0.0,0.0,0.0,0.0
DLRB1,0.04,0.07,0.01,0.05,0.04,0.04,0.03,0.03,0.03,0.03,0.05,0.02
ETHE1,0.04,0.02,0.04,0.08,0.06,0.03,0.03,0.06,0.07,0.03,0.03,0.06
GAPDH..liver,0.01,0.0,0.0,0.01,0.02,0.03,0.0,0.02,0.01,0.01,0.01,0.02
HSP.40,0.04,0.07,0.04,0.05,0.03,0.01,0.04,0.02,0.02,0.02,0.03,0.01
MDHC,0.03,0.03,0.04,0.05,0.1,0.07,0.06,0.02,0.06,0.08,0.07,0.01
NACA,0.04,0.07,0.06,0.05,0.03,0.04,0.05,0.04,0.03,0.06,0.05,0.05
Peroxiredoxin.1,0.01,0.0,0.04,0.02,0.06,0.08,0.03,0.01,0.05,0.05,0.0,0.01
PPAC,0.05,0.04,0.04,0.09,0.05,0.04,0.03,0.06,0.09,0.03,0.07,0.04
PSA1,0.03,0.02,0.04,0.07,0.11,0.03,0.02,0.02,0.08,0.05,0.03,0.03
PSA6,0.04,0.03,0.03,0.0,0.01,0.04,0.03,0.0,0.0,0.01,0.02,0.0
RS7,0.0,0.02,0.06,0.03,0.02,0.02,0.03,0.07,0.02,0.02,0.04,0.04
RSK.like.protein.kinase,0.01,0.0,0.01,0.01,0.02,0.09,0.02,0.01,0.03,0.06,0.03,0.02
SBDS,0.03,0.01,0.01,0.01,0.01,0.02,0.03,0.03,0.01,0.02,0.03,0.03
SE6L2,0.06,0.05,0.07,0.08,0.05,0.07,0.06,0.04,0.08,0.06,0.06,0.03
SGTA,0.01,0.0,0.02,0.03,0.02,0.0,0.03,0.03,0.03,0.02,0.03,0.03
TCTP,0.0,0.0,0.0,0.0,0.0,0.02,0.01,0.0,0.0,0.01,0.0,0.0
TMA,0.02,0.04,0.08,0.05,0.03,0.02,0.03,0.04,0.03,0.06,0.06,0.05
UB2L3,0.0,0.01,0.0,0.01,0.01,0.03,0.02,0.01,0.0,0.01,0.01,0.02
ARI3A,0.04,0.01,0.01,0.02,0.01,0.01,0.01,0.02,0.01,0.05,0.0,0.02
CaMKK.alpha,0.06,0.08,0.12,0.06,0.03,0.06,0.03,0.04,0.02,0.03,0.07,0.02
CDC37,0.03,0.03,0.02,0.03,0.04,0.03,0.02,0.0,0.03,0.02,0.0,0.0
DLC8,0.13,0.16,0.14,0.12,0.11,0.09,0.06,0.06,0.1,0.06,0.06,0.08
IMB1,0.06,0.08,0.03,0.04,0.05,0.1,0.03,0.02,0.07,0.08,0.04,0.03
ING1,0.05,0.09,0.05,0.04,0.01,0.02,0.02,0.01,0.01,0.0,0.01,0.03
Lamin.B1,0.04,0.03,0.05,0.05,0.08,0.06,0.04,0.04,0.07,0.08,0.05,0.03
LDH.H.1,0.09,0.1,0.08,0.14,0.07,0.06,0.06,0.05,0.07,0.07,0.09,0.06
MBD4,0.05,0.05,0.03,0.06,0.05,0.03,0.02,0.06,0.02,0.04,0.06,0.06
Mesothelin,0.09,0.07,0.13,0.12,0.05,0.08,0.08,0.09,0.07,0.09,0.11,0.09
NAGK,0.07,0.14,0.1,0.08,0.2,0.15,0.09,0.08,0.19,0.13,0.09,0.05
Phosphoglycerate.mutase.1,0.08,0.1,0.09,0.1,0.13,0.19,0.23,0.14,0.15,0.18,0.18,0.15
PLPP,0.03,0.02,0.04,0.03,0.0,0.01,0.02,0.03,0.0,0.02,0.01,0.04
PSD7,0.06,0.07,0.06,0.03,0.06,0.07,0.08,0.03,0.04,0.09,0.07,0.08
SKP1,0.01,0.03,0.03,0.04,0.0,0.0,0.02,0.01,0.01,0.04,0.0,0.03
Sorting.nexin.4,0.03,0.03,0.01,0.02,0.02,0.0,0.0,0.01,0.01,0.03,0.01,0.01
UBE2N,0.0,0.01,0.0,0.01,0.0,0.01,0.03,0.01,0.0,0.0,0.02,0.0
discoidin.domain.receptor.1,0.41,0.38,0.42,0.45,0.42,0.47,0.35,0.37,0.4,0.46,0.38,0.4
FGF.4,0.03,0.02,0.07,0.04,0.07,0.03,0.03,0.0,0.08,0.03,0.02,0.02
HSP.70,0.09,0.07,0.08,0.1,0.11,0.07,0.04,0.05,0.14,0.04,0.04,0.03
sRAGE,0.11,0.12,0.08,0.11,0.08,0.08,0.05,0.12,0.11,0.04,0.12,0.08
BPI,0.11,0.15,0.04,0.04,0.05,0.04,0.09,0.03,0.03,0.05,0.07,0.04
C6,0.06,0.04,0.06,0.05,0.04,0.11,0.04,0.03,0.03,0.09,0.03,0.03
Eotaxin.2,0.03,0.09,0.07,0.06,0.05,0.08,0.05,0.07,0.07,0.08,0.07,0.08
Factor.B,0.18,0.19,0.23,0.21,0.09,0.15,0.16,0.19,0.09,0.15,0.13,0.23
FGF.6,0.04,0.03,0.02,0.02,0.02,0.02,0.01,0.03,0.04,0.06,0.02,0.03
Fibronectin,0.02,0.07,0.06,0.04,0.09,0.07,0.04,0.06,0.07,0.07,0.06,0.05
FST,0.1,0.11,0.07,0.1,0.07,0.08,0.08,0.07,0.07,0.07,0.08,0.05
Granzyme.B,0.01,0.01,0.01,0.03,0.07,0.04,0.06,0.06,0.06,0.06,0.06,0.05
HB.EGF,0.07,0.04,0.07,0.09,0.09,0.14,0.1,0.08,0.09,0.11,0.13,0.06
IgE,0.05,0.07,0.06,0.07,0.04,0.02,0.05,0.03,0.02,0.03,0.02,0.04
IL.17D,0.09,0.07,0.14,0.03,0.04,0.05,0.08,0.06,0.04,0.04,0.09,0.08
IL.17E,0.13,0.1,0.08,0.04,0.18,0.12,0.11,0.12,0.22,0.11,0.11,0.12
IL.20,0.08,0.08,0.04,0.03,0.06,0.06,0.07,0.02,0.03,0.04,0.03,0.03
IL.6.sRa,0.12,0.04,0.04,0.05,0.07,0.08,0.05,0.09,0.1,0.08,0.05,0.06
IL.7,0.06,0.16,0.08,0.16,0.14,0.09,0.1,0.11,0.1,0.08,0.11,0.09
IP.10,0.19,0.17,0.2,0.15,0.25,0.3,0.21,0.19,0.21,0.31,0.19,0.21
Lymphotactin,0.04,0.05,0.07,0.04,0.07,0.03,0.04,0.09,0.06,0.05,0.06,0.04
MCP.4,0.06,0.06,0.12,0.09,0.05,0.09,0.07,0.08,0.06,0.08,0.05,0.1
Neurotrophin.3,0.1,0.12,0.11,0.11,0.08,0.09,0.09,0.13,0.07,0.1,0.09,0.05
Neurotrophin.5,0.08,0.15,0.09,0.04,0.06,0.08,0.07,0.06,0.06,0.07,0.05,0.05
PAPP.A,0.05,0.04,0.03,0.07,0.05,0.05,0.05,0.02,0.05,0.04,0.04,0.03
PDGF.BB,0.05,0.05,0.03,0.04,0.05,0.02,0.03,0.04,0.04,0.02,0.03,0.04
Plasmin,0.04,0.01,0.04,0.05,0.03,0.03,0.03,0.04,0.05,0.04,0.02,0.03
Plasminogen,0.13,0.1,0.15,0.16,0.09,0.08,0.08,0.15,0.1,0.07,0.08,0.13
Prekallikrein,0.09,0.09,0.05,0.05,0.04,0.11,0.04,0.07,0.03,0.09,0.03,0.07
alpha.1.antichymotrypsin.complex,0.04,0.02,0.04,0.05,0.03,0.01,0.0,0.01,0.04,0.06,0.02,0.02
P.Selectin,0.06,0.11,0.1,0.08,0.1,0.09,0.08,0.05,0.09,0.12,0.09,0.08
Tenascin,0.05,0.08,0.04,0.02,0.05,0.05,0.01,0.06,0.07,0.04,0.03,0.03
TGF.b2,0.06,0.03,0.04,0.02,0.03,0.03,0.06,0.08,0.04,0.06,0.05,0.06
Thrombin,0.1,0.13,0.09,0.09,0.19,0.14,0.17,0.12,0.18,0.15,0.17,0.12
uPA,0.14,0.13,0.13,0.12,0.21,0.25,0.14,0.16,0.28,0.23,0.16,0.13
Factor.H,0.08,0.09,0.14,0.08,0.07,0.08,0.1,0.14,0.07,0.05,0.07,0.1
MMP.2,0.04,0.09,0.03,0.1,0.03,0.05,0.06,0.05,0.05,0.05,0.06,0.06
Transferrin,0.11,0.09,0.08,0.09,0.12,0.15,0.09,0.09,0.18,0.16,0.09,0.07
Histone.H2A.z,0.08,0.03,0.07,0.09,0.17,0.12,0.08,0.09,0.19,0.07,0.08,0.08
Thyroglobulin,0.15,0.09,0.08,0.06,0.04,0.09,0.12,0.12,0.04,0.06,0.08,0.1
X14.3.3,0.04,0.03,0.01,0.02,0.03,0.02,0.01,0.03,0.03,0.0,0.01,0.0
X4EBP2,0.05,0.0,0.18,0.07,0.04,0.03,0.04,0.06,0.06,0.03,0.08,0.05
X6.Phosphogluconate.dehydrogenase,0.05,0.1,0.07,0.06,0.06,0.07,0.14,0.07,0.06,0.11,0.11,0.05
Aflatoxin.B1.aldehyde.reductase,0.0,0.01,0.04,0.0,0.0,0.01,0.01,0.0,0.0,0.0,0.02,0.01
AK1A1,0.21,0.17,0.16,0.12,0.15,0.16,0.17,0.14,0.11,0.14,0.16,0.15
AN32B,0.05,0.05,0.03,0.08,0.05,0.07,0.04,0.07,0.06,0.08,0.06,0.06
Cofilin.1,0.03,0.03,0.0,0.06,0.02,0.03,0.06,0.03,0.04,0.05,0.1,0.04
DRG.1,0.01,0.0,0.01,0.0,0.01,0.0,0.02,0.05,0.01,0.0,0.03,0.01
EP15R,0.01,0.01,0.03,0.01,0.03,0.03,0.0,0.02,0.02,0.04,0.02,0.01
ERAB,0.04,0.09,0.03,0.07,0.06,0.04,0.01,0.02,0.02,0.03,0.02,0.01
FER,0.06,0.02,0.02,0.02,0.03,0.03,0.04,0.02,0.02,0.02,0.02,0.02
HNRPQ,0.07,0.05,0.06,0.06,0.05,0.04,0.06,0.05,0.04,0.04,0.03,0.07
IF4G2,0.0,0.0,0.0,0.01,0.0,0.0,0.0,0.0,0.0,0.01,0.0,0.0
IGF.I.sR,0.08,0.02,0.05,0.02,0.02,0.03,0.05,0.03,0.01,0.04,0.07,0.04
IL.1.R4,0.91,0.93,0.93,0.95,0.95,0.97,0.98,0.96,0.96,0.98,0.98,0.96
LCMT1,0.07,0.03,0.06,0.05,0.07,0.06,0.01,0.0,0.08,0.04,0.05,0.01
LIN7B,0.0,0.01,0.06,0.05,0.11,0.08,0.05,0.03,0.09,0.06,0.08,0.05
M2.PK,0.0,0.0,0.01,0.01,0.0,0.0,0.0,0.0,0.01,0.0,0.0,0.02
MDM2,0.08,0.07,0.04,0.04,0.04,0.02,0.03,0.04,0.06,0.03,0.05,0.06
NCAM.L1,0.07,0.06,0.09,0.11,0.1,0.03,0.04,0.06,0.1,0.04,0.03,0.06
NDP.kinase.B,0.01,0.0,0.02,0.02,0.0,0.02,0.03,0.0,0.01,0.0,0.05,0.0
NSF1C,0.03,0.05,0.04,0.04,0.06,0.04,0.05,0.03,0.02,0.01,0.04,0.03
NUDC3,0.08,0.06,0.09,0.04,0.08,0.05,0.03,0.05,0.05,0.06,0.04,0.04
PA2G4,0.03,0.04,0.03,0.02,0.01,0.02,0.03,0.03,0.01,0.01,0.02,0.06
paraoxonase.1,0.03,0.06,0.06,0.08,0.07,0.06,0.07,0.06,0.04,0.06,0.06,0.06
PESC,0.11,0.13,0.12,0.12,0.09,0.16,0.15,0.14,0.06,0.13,0.13,0.15
PFD5,0.04,0.05,0.02,0.03,0.04,0.04,0.02,0.03,0.03,0.03,0.03,0.04
PHI,0.02,0.01,0.02,0.02,0.13,0.06,0.05,0.07,0.1,0.06,0.03,0.03
prostatic.binding.protein,0.01,0.01,0.0,0.02,0.04,0.02,0.03,0.02,0.04,0.01,0.05,0.02
Protein.disulfide.isomerase,0.09,0.1,0.11,0.12,0.1,0.03,0.03,0.07,0.13,0.05,0.02,0.08
PSA2,0.03,0.13,0.04,0.04,0.06,0.05,0.03,0.03,0.02,0.06,0.04,0.02
RAN,0.02,0.04,0.03,0.03,0.02,0.04,0.02,0.01,0.03,0.04,0.03,0.01
RBM39,0.07,0.06,0.04,0.04,0.05,0.04,0.06,0.09,0.05,0.07,0.06,0.06
SNAA,0.0,0.02,0.03,0.0,0.0,0.01,0.02,0.01,0.0,0.01,0.01,0.01
Sphingosine.kinase.1,0.01,0.01,0.03,0.01,0.0,0.0,0.01,0.03,0.0,0.01,0.0,0.01
Spondin.1,0.06,0.04,0.04,0.02,0.02,0.02,0.04,0.04,0.02,0.02,0.03,0.01
Thymidine.kinase,0.13,0.13,0.17,0.12,0.16,0.11,0.12,0.11,0.14,0.11,0.14,0.11
transcription.factor.MLR1..isoform.CRA_b,0.13,0.08,0.1,0.0,0.1,0.09,0.03,0.03,0.09,0.06,0.03,0.05
Transketolase,0.01,0.02,0.0,0.02,0.02,0.01,0.02,0.04,0.01,0.02,0.04,0.02
Triosephosphate.isomerase,0.0,0.0,0.01,0.0,0.01,0.0,0.0,0.0,0.0,0.01,0.0,0.0
XTP3A,0.09,0.06,0.08,0.07,0.09,0.08,0.07,0.09,0.06,0.06,0.08,0.08
PTP.1C,0.0,0.01,0.04,0.0,0.0,0.02,0.02,0.02,0.0,0.02,0.02,0.01
AMNLS,0.08,0.09,0.04,0.08,0.09,0.08,0.09,0.07,0.05,0.11,0.09,0.07
CYTT,0.07,0.08,0.1,0.08,0.05,0.07,0.03,0.05,0.03,0.08,0.05,0.07
BOC,0.02,0.02,0.01,0.01,0.05,0.01,0.03,0.03,0.01,0.02,0.05,0.06
CLC1B,0.02,0.02,0.02,0.01,0.03,0.03,0.06,0.03,0.06,0.03,0.05,0.03
SAA,0.04,0.06,0.05,0.04,0.06,0.03,0.09,0.1,0.08,0.07,0.06,0.05
CRP,0.12,0.12,0.07,0.01,0.1,0.09,0.05,0.05,0.06,0.07,0.02,0.04
sICAM.1,0.12,0.12,0.14,0.11,0.08,0.04,0.08,0.04,0.1,0.04,0.09,0.04
DAPK2,0.05,0.02,0.03,0.01,0.05,0.04,0.01,0.02,0.08,0.04,0.0,0.03
DYRK3,0.05,0.02,0.04,0.02,0.04,0.02,0.05,0.02,0.04,0.02,0.03,0.02
MIC.1,0.2,0.21,0.16,0.17,0.3,0.27,0.17,0.21,0.29,0.27,0.19,0.22
DHH,0.03,0.03,0.02,0.02,0.01,0.02,0.01,0.01,0.01,0.02,0.02,0.01
FGF.12,0.05,0.04,0.09,0.06,0.05,0.03,0.01,0.03,0.06,0.03,0.0,0.02
FGF.16,0.0,0.0,0.01,0.01,0.02,0.01,0.01,0.01,0.01,0.01,0.0,0.0
FGF.8A,0.07,0.04,0.04,0.05,0.01,0.01,0.01,0.09,0.05,0.05,0.05,0.08
IFN.lambda.1,0.05,0.03,0.03,0.03,0.01,0.02,0.02,0.01,0.02,0.03,0.01,0.01
IFN.lambda.2,0.04,0.02,0.05,0.01,0.02,0.05,0.01,0.05,0.03,0.09,0.03,0.07
MSP,0.08,0.08,0.05,0.04,0.08,0.09,0.07,0.06,0.03,0.03,0.08,0.05
SLPI,0.37,0.41,0.36,0.29,0.29,0.27,0.23,0.19,0.27,0.27,0.17,0.25
SP.D,0.06,0.1,0.11,0.11,0.08,0.11,0.01,0.06,0.1,0.11,0.02,0.06
ADAM12,0.13,0.13,0.11,0.13,0.09,0.13,0.16,0.12,0.09,0.12,0.18,0.09
BCL2.like.1.protein,0.02,0.08,0.06,0.06,0.01,0.02,0.04,0.03,0.03,0.04,0.02,0.05
CHST2,0.01,0.03,0.03,0.11,0.04,0.03,0.0,0.01,0.07,0.05,0.01,0.07
CHST6,0.04,0.03,0.02,0.03,0.03,0.02,0.05,0.04,0.04,0.02,0.07,0.04
Collectin.Kidney.1,0.1,0.06,0.09,0.13,0.14,0.15,0.15,0.1,0.22,0.17,0.14,0.09
ENPP7,0.04,0.08,0.05,0.08,0.11,0.04,0.02,0.05,0.11,0.08,0.03,0.03
ENTP3,0.04,0.03,0.04,0.02,0.06,0.03,0.01,0.02,0.08,0.04,0.03,0.05
ENTP5,0.12,0.13,0.14,0.12,0.11,0.07,0.1,0.1,0.06,0.11,0.08,0.12
FCRL3,0.09,0.09,0.07,0.05,0.12,0.14,0.11,0.04,0.11,0.12,0.09,0.06
GREM1,0.02,0.03,0.02,0.02,0.03,0.06,0.03,0.05,0.02,0.03,0.05,0.07
hnRNP.A.B,0.1,0.1,0.04,0.09,0.08,0.07,0.05,0.05,0.07,0.05,0.03,0.09
LRRT1,0.02,0.06,0.05,0.03,0.06,0.03,0.02,0.04,0.07,0.02,0.02,0.02
LRRT3,0.08,0.07,0.04,0.06,0.12,0.12,0.05,0.06,0.11,0.1,0.06,0.06
MFGM,0.05,0.09,0.08,0.03,0.02,0.04,0.02,0.08,0.03,0.05,0.02,0.07
PCSK7,0.09,0.06,0.08,0.05,0.11,0.08,0.08,0.07,0.13,0.06,0.11,0.13
PDPK1,0.0,0.01,0.0,0.02,0.0,0.0,0.0,0.01,0.0,0.0,0.0,0.01
Sialoadhesin,0.05,0.07,0.02,0.09,0.07,0.05,0.01,0.03,0.08,0.04,0.05,0.09
SPARCL1,0.0,0.03,0.04,0.1,0.05,0.07,0.08,0.05,0.03,0.06,0.09,0.03
SPHK2,0.06,0.03,0.06,0.06,0.03,0.04,0.05,0.06,0.03,0.05,0.04,0.08
ST4S6,0.08,0.12,0.14,0.1,0.16,0.14,0.2,0.15,0.13,0.16,0.13,0.14
TGM3,0.22,0.2,0.16,0.22,0.22,0.19,0.16,0.19,0.23,0.17,0.18,0.15
Tropomyosin.2,0.01,0.02,0.05,0.01,0.03,0.05,0.02,0.05,0.03,0.05,0.02,0.05
Ubiquitin,0.05,0.08,0.07,0.11,0.08,0.05,0.07,0.0,0.05,0.08,0.05,0.02
ZAP70,0.04,0.04,0.03,0.05,0.02,0.01,0.08,0.04,0.04,0.06,0.07,0.02
C1.Esterase.Inhibitor,0.25,0.27,0.16,0.19,0.36,0.32,0.25,0.21,0.29,0.37,0.31,0.24
C3b,0.08,0.09,0.08,0.11,0.13,0.12,0.09,0.1,0.13,0.12,0.08,0.09
C4,0.01,0.05,0.03,0.07,0.06,0.12,0.1,0.1,0.07,0.09,0.17,0.06
C5b..6.Complex,0.1,0.11,0.09,0.07,0.1,0.08,0.08,0.09,0.09,0.04,0.07,0.07
FGF7,0.01,0.05,0.03,0.05,0.03,0.03,0.01,0.07,0.06,0.03,0.02,0.01
IL.3.Ra,0.06,0.11,0.11,0.09,0.07,0.0,0.05,0.03,0.03,0.04,0.05,0.07
IL.5.Ra,0.02,0.06,0.05,0.08,0.03,0.01,0.02,0.02,0.05,0.03,0.04,0.04
IL.11,0.02,0.02,0.05,0.06,0.02,0.03,0.03,0.02,0.05,0.01,0.05,0.02
Kininogen..HMW,0.04,0.03,0.05,0.08,0.1,0.02,0.06,0.05,0.09,0.01,0.04,0.04
MMP.12,0.52,0.5,0.57,0.55,0.53,0.46,0.5,0.48,0.54,0.46,0.52,0.43
NCAM.120,0.12,0.12,0.11,0.13,0.13,0.11,0.09,0.09,0.14,0.09,0.1,0.08
PDGF.AA,0.0,0.02,0.0,0.03,0.01,0.05,0.02,0.02,0.01,0.03,0.01,0.03
SCGF.alpha,0.08,0.09,0.06,0.05,0.09,0.12,0.16,0.16,0.08,0.16,0.17,0.16
ATS15,0.07,0.13,0.1,0.07,0.07,0.09,0.09,0.04,0.09,0.07,0.04,0.03
BSSP4,0.06,0.06,0.15,0.07,0.05,0.11,0.12,0.07,0.08,0.13,0.07,0.1
BST1,0.06,0.06,0.04,0.07,0.05,0.08,0.02,0.06,0.07,0.04,0.04,0.08
CBX5,0.03,0.08,0.07,0.03,0.01,0.05,0.04,0.02,0.05,0.04,0.05,0.04
CDON,0.04,0.04,0.06,0.05,0.08,0.04,0.04,0.07,0.09,0.05,0.05,0.12
Clusterin,0.08,0.06,0.09,0.05,0.03,0.02,0.04,0.05,0.02,0.04,0.04,0.02
CONA1,0.04,0.02,0.09,0.04,0.15,0.07,0.14,0.08,0.15,0.08,0.11,0.07
CTAP.III,0.01,0.02,0.02,0.01,0.01,0.01,0.01,0.01,0.01,0.01,0.01,0.01
DnaJ.homolog,0.11,0.1,0.07,0.08,0.08,0.07,0.03,0.01,0.06,0.06,0.06,0.01
EMR2,0.05,0.05,0.1,0.02,0.02,0.04,0.04,0.01,0.04,0.07,0.05,0.01
FLRT1,0.01,0.03,0.0,0.01,0.02,0.07,0.01,0.03,0.01,0.02,0.02,0.01
Fucosyltransferase.3,0.09,0.1,0.06,0.03,0.04,0.03,0.05,0.02,0.03,0.03,0.06,0.03
FUT5,0.02,0.03,0.05,0.04,0.06,0.04,0.02,0.04,0.06,0.06,0.05,0.01
GP114,0.03,0.04,0.02,0.02,0.1,0.07,0.05,0.04,0.06,0.05,0.12,0.04
HDGR2,0.06,0.05,0.06,0.05,0.01,0.04,0.04,0.03,0.03,0.05,0.04,0.02
IL.34,0.02,0.04,0.03,0.05,0.04,0.06,0.04,0.04,0.02,0.06,0.03,0.04
KIRR3,0.02,0.05,0.03,0.04,0.01,0.03,0.07,0.02,0.03,0.02,0.03,0.02
KYNU,0.11,0.1,0.14,0.1,0.09,0.1,0.05,0.07,0.07,0.1,0.09,0.09
Livin.B,0.05,0.02,0.05,0.05,0.04,0.09,0.05,0.05,0.03,0.06,0.06,0.06
NXPH1,0.06,0.08,0.1,0.08,0.12,0.09,0.09,0.14,0.09,0.09,0.09,0.08
PLCG1,0.05,0.01,0.04,0.03,0.05,0.01,0.09,0.07,0.04,0.03,0.1,0.11
PLXC1,0.03,0.03,0.04,0.02,0.06,0.05,0.04,0.02,0.07,0.06,0.03,0.04
RSPO2,0.04,0.04,0.04,0.04,0.03,0.06,0.07,0.02,0.05,0.07,0.05,0.02
SH21A,0.13,0.19,0.12,0.1,0.11,0.1,0.09,0.1,0.11,0.1,0.12,0.13
SLIK5,0.2,0.2,0.21,0.21,0.31,0.28,0.26,0.18,0.29,0.26,0.26,0.21
SORC2,0.06,0.06,0.08,0.05,0.06,0.05,0.02,0.03,0.06,0.05,0.01,0.02
PH,0.04,0.04,0.07,0.06,0.02,0.07,0.06,0.03,0.06,0.09,0.03,0.05
IL.6,0.15,0.17,0.15,0.18,0.12,0.08,0.06,0.1,0.17,0.08,0.1,0.08
X3HIDH,0.1,0.06,0.03,0.11,0.07,0.05,0.02,0.05,0.07,0.06,0.05,0.06
GM.CSF,0.01,0.08,0.08,0.03,0.05,0.01,0.03,0.03,0.05,0.02,0.02,0.04
TNF.b,0.03,0.04,0.04,0.03,0.02,0.02,0.04,0.01,0.0,0.01,0.03,0.02
X41,0.05,0.07,0.05,0.08,0.06,0.08,0.07,0.05,0.06,0.05,0.1,0.03
X17.beta.HSD.1,0.04,0.05,0.06,0.03,0.04,0.09,0.01,0.06,0.07,0.04,0.04,0.03
Apo.D,0.09,0.02,0.13,0.08,0.03,0.03,0.01,0.03,0.04,0.03,0.03,0.03
IL.3,0.03,0.05,0.01,0.03,0.08,0.04,0.01,0.03,0.06,0.04,0.02,0.04
PPIB,0.09,0.09,0.05,0.08,0.11,0.05,0.04,0.07,0.06,0.09,0.04,0.09
Protein.disulfide.isomerase.A3,0.12,0.07,0.1,0.12,0.08,0.07,0.05,0.01,0.09,0.09,0.06,0.02
TFF3,0.15,0.11,0.09,0.12,0.13,0.06,0.15,0.03,0.12,0.09,0.09,0.06
Afamin,0.06,0.05,0.06,0.06,0.08,0.06,0.04,0.06,0.06,0.08,0.06,0.08
Olfactomedin.4,0.22,0.22,0.24,0.24,0.23,0.2,0.23,0.17,0.24,0.24,0.2,0.18
ASM3A,0.1,0.1,0.15,0.1,0.08,0.08,0.09,0.1,0.08,0.06,0.05,0.06
FAM107B,0.03,0.04,0.03,0.05,0.03,0.01,0.08,0.03,0.07,0.03,0.05,0.02
Gelsolin,0.18,0.2,0.18,0.24,0.14,0.23,0.16,0.17,0.15,0.22,0.17,0.18
CBG,0.11,0.1,0.05,0.1,0.05,0.06,0.03,0.05,0.04,0.08,0.03,0.07
Cytidylate.kinase,0.03,0.04,0.02,0.04,0.01,0.03,0.05,0.04,0.02,0.05,0.05,0.03
C34.gp41.HIV.Fragment,0.12,0.14,0.13,0.14,0.07,0.11,0.1,0.09,0.08,0.08,0.09,0.04
PERL,0.11,0.07,0.08,0.13,0.13,0.1,0.05,0.06,0.1,0.04,0.06,0.09
CO8A1,0.05,0.05,0.05,0.09,0.03,0.08,0.1,0.03,0.04,0.08,0.05,0.04
ITI.heavy.chain.H4,0.1,0.07,0.08,0.11,0.06,0.06,0.03,0.03,0.06,0.07,0.03,0.06
TXD12,0.05,0.1,0.05,0.06,0.06,0.06,0.04,0.01,0.06,0.05,0.07,0.01
STRATIFIN,0.02,0.03,0.04,0.01,0.03,0.0,0.03,0.05,0.03,0.0,0.04,0.03
sL.Selectin,0.15,0.2,0.21,0.14,0.07,0.13,0.09,0.13,0.09,0.13,0.13,0.13
TRAIL.R1,0.02,0.02,0.07,0.03,0.01,0.03,0.01,0.03,0.0,0.05,0.02,0.02
Epithelial.cell.kinase,0.05,0.03,0.05,0.06,0.06,0.03,0.04,0.03,0.06,0.06,0.07,0.04
G.CSF,0.07,0.09,0.09,0.08,0.01,0.04,0.04,0.07,0.06,0.04,0.06,0.06
Glypican.3,0.32,0.39,0.31,0.31,0.34,0.39,0.32,0.39,0.35,0.34,0.31,0.35
IL.1a,0.1,0.04,0.05,0.06,0.05,0.04,0.06,0.08,0.04,0.06,0.06,0.02
BMPR1A,0.07,0.09,0.08,0.06,0.13,0.09,0.09,0.15,0.14,0.1,0.08,0.06
BMP.RII,0.06,0.06,0.02,0.06,0.04,0.08,0.08,0.08,0.02,0.08,0.06,0.08
TrkB,0.08,0.06,0.08,0.03,0.03,0.07,0.05,0.03,0.07,0.04,0.06,0.05
VEGF121,0.15,0.18,0.18,0.2,0.19,0.16,0.08,0.17,0.18,0.14,0.08,0.16
Angiogenin,0.16,0.19,0.18,0.27,0.19,0.09,0.07,0.09,0.18,0.11,0.06,0.08
Coagulation.Factor.IX,0.08,0.02,0.07,0.03,0.07,0.06,0.04,0.08,0.08,0.07,0.09,0.05
Coagulation.Factor.X,0.05,0.06,0.08,0.04,0.07,0.06,0.04,0.05,0.05,0.07,0.05,0.08
GDF2,0.08,0.09,0.12,0.09,0.16,0.2,0.17,0.17,0.16,0.16,0.15,0.14
Insulin,0.14,0.14,0.09,0.11,0.14,0.1,0.08,0.15,0.11,0.11,0.11,0.08
MCP.3,0.1,0.12,0.12,0.13,0.15,0.1,0.16,0.16,0.13,0.12,0.14,0.13
WNT7A,0.04,0.07,0.07,0.05,0.08,0.07,0.08,0.09,0.06,0.05,0.07,0.09
ACTH,0.05,0.07,0.1,0.08,0.08,0.05,0.07,0.05,0.06,0.08,0.05,0.05
Glucagon,0.17,0.19,0.14,0.09,0.11,0.16,0.11,0.12,0.1,0.1,0.11,0.1
C3a,0.02,0.03,0.05,0.05,0.02,0.03,0.05,0.04,0.02,0.03,0.06,0.06
Calcineurin,0.04,0.05,0.03,0.03,0.06,0.06,0.08,0.07,0.05,0.05,0.05,0.06
Caspase.2,0.04,0.02,0.07,0.01,0.05,0.06,0.01,0.03,0.06,0.07,0.01,0.04
Coactosin.like.protein,0.1,0.08,0.1,0.06,0.07,0.03,0.05,0.04,0.09,0.04,0.05,0.09
Coagulation.Factor.V,0.25,0.17,0.24,0.16,0.06,0.11,0.12,0.08,0.07,0.09,0.14,0.06
D.dimer,0.04,0.04,0.11,0.08,0.02,0.07,0.02,0.07,0.05,0.06,0.04,0.05
Endoglin,0.06,0.05,0.06,0.04,0.04,0.05,0.03,0.05,0.04,0.07,0.04,0.04
Galectin.8,0.02,0.04,0.03,0.03,0.05,0.07,0.07,0.06,0.03,0.04,0.02,0.06
GIB,0.07,0.09,0.12,0.09,0.08,0.05,0.05,0.06,0.13,0.07,0.04,0.03
Glutathione.S.transferase.Pi,0.02,0.03,0.05,0.06,0.05,0.01,0.02,0.02,0.04,0.03,0.03,0.03
GOT1,0.12,0.1,0.08,0.05,0.12,0.09,0.09,0.1,0.11,0.07,0.07,0.1
HCC.4,0.07,0.1,0.08,0.07,0.07,0.12,0.08,0.07,0.09,0.13,0.07,0.06
HCG,0.08,0.05,0.04,0.04,0.14,0.1,0.05,0.05,0.09,0.12,0.03,0.04
Hemoglobin,0.14,0.12,0.1,0.09,0.18,0.19,0.13,0.19,0.15,0.22,0.17,0.19
IgD,0.16,0.14,0.14,0.13,0.08,0.13,0.16,0.22,0.07,0.1,0.18,0.2
Integrin.aVb5,0.03,0.11,0.07,0.07,0.07,0.05,0.06,0.06,0.07,0.1,0.07,0.05
Lysozyme,0.12,0.14,0.09,0.12,0.08,0.16,0.14,0.12,0.07,0.11,0.16,0.14
MIP.3b,0.04,0.02,0.02,0.02,0.04,0.02,0.05,0.09,0.03,0.03,0.07,0.03
MIS,0.09,0.03,0.1,0.04,0.08,0.05,0.07,0.01,0.06,0.04,0.05,0.03
MMP.1,0.09,0.07,0.12,0.12,0.08,0.11,0.12,0.05,0.08,0.1,0.1,0.09
MMP.13,0.08,0.07,0.08,0.07,0.09,0.03,0.06,0.0,0.08,0.0,0.07,0.03
SHBG,0.06,0.04,0.05,0.09,0.04,0.02,0.01,0.04,0.05,0.02,0.03,0.04
Stanniocalcin.1,0.05,0.05,0.08,0.08,0.09,0.1,0.08,0.04,0.07,0.09,0.08,0.07
TF,0.09,0.08,0.08,0.08,0.08,0.05,0.09,0.06,0.07,0.04,0.05,0.05
EPI,0.03,0.03,0.05,0.02,0.04,0.03,0.03,0.1,0.06,0.06,0.06,0.09
X40S.ribosomal.protein.SA,0.01,0.02,0.02,0.05,0.07,0.05,0.03,0.06,0.02,0.08,0.03,0.06
AGR2,0.08,0.15,0.09,0.07,0.04,0.06,0.07,0.04,0.02,0.04,0.06,0.05
annexin.I,0.14,0.21,0.2,0.2,0.29,0.2,0.15,0.09,0.28,0.23,0.14,0.14
annexin.II,0.13,0.13,0.13,0.13,0.15,0.09,0.06,0.14,0.13,0.07,0.09,0.13
ARMEL,0.05,0.07,0.1,0.03,0.04,0.05,0.02,0.01,0.0,0.04,0.02,0.03
ARP19,0.04,0.04,0.06,0.03,0.03,0.01,0.03,0.06,0.03,0.02,0.04,0.04
ARTS1,0.06,0.03,0.04,0.03,0.06,0.03,0.02,0.01,0.04,0.01,0.02,0.0
ATP.synthase.beta.chain,0.08,0.05,0.08,0.13,0.02,0.06,0.04,0.07,0.04,0.04,0.06,0.05
C1QBP,0.03,0.04,0.05,0.04,0.03,0.06,0.1,0.08,0.02,0.04,0.09,0.05
CAPG,0.05,0.07,0.06,0.04,0.06,0.09,0.03,0.07,0.04,0.06,0.06,0.04
Carbonic.anhydrase.I,0.04,0.05,0.08,0.11,0.02,0.09,0.05,0.05,0.05,0.06,0.04,0.07
carbonic.anhydrase.II,0.02,0.06,0.03,0.03,0.04,0.03,0.04,0.05,0.02,0.05,0.03,0.05
CATZ,0.02,0.03,0.04,0.08,0.02,0.01,0.04,0.06,0.06,0.01,0.04,0.08
cIAP.2,0.06,0.05,0.06,0.07,0.12,0.06,0.11,0.07,0.08,0.09,0.07,0.05
CRK,0.04,0.03,0.02,0.04,0.05,0.01,0.03,0.04,0.05,0.02,0.03,0.03
DBNL,0.11,0.14,0.07,0.08,0.13,0.09,0.09,0.11,0.11,0.08,0.12,0.14
DERM,0.07,0.08,0.12,0.16,0.13,0.09,0.12,0.09,0.15,0.08,0.1,0.08
DSC3,0.11,0.17,0.15,0.14,0.1,0.11,0.13,0.11,0.07,0.11,0.1,0.12
Elafin,0.11,0.13,0.07,0.06,0.13,0.1,0.05,0.07,0.04,0.09,0.11,0.04
ERP29,0.03,0.08,0.09,0.02,0.04,0.03,0.03,0.02,0.04,0.03,0.05,0.02
Esterase.D,0.1,0.06,0.08,0.06,0.08,0.03,0.05,0.04,0.04,0.02,0.05,0.04
FABPE,0.06,0.07,0.08,0.08,0.04,0.03,0.03,0.03,0.05,0.04,0.03,0.04
FAK1,0.08,0.08,0.05,0.08,0.06,0.01,0.01,0.07,0.02,0.05,0.05,0.05
FCAR,0.11,0.06,0.07,0.11,0.08,0.07,0.05,0.06,0.07,0.07,0.05,0.07
FGFR4,0.09,0.07,0.06,0.05,0.04,0.06,0.09,0.13,0.07,0.05,0.09,0.13
Fibrinogen.g.chain.dimer,0.1,0.03,0.03,0.05,0.11,0.06,0.05,0.08,0.07,0.06,0.1,0.1
GP1BA,0.07,0.11,0.15,0.12,0.09,0.11,0.08,0.07,0.07,0.11,0.11,0.04
GPC5,0.04,0.05,0.06,0.06,0.06,0.09,0.05,0.04,0.07,0.07,0.06,0.08
GRN,0.2,0.19,0.21,0.2,0.25,0.15,0.13,0.11,0.28,0.16,0.16,0.11
GSTA3,0.04,0.08,0.05,0.05,0.05,0.04,0.04,0.05,0.05,0.04,0.03,0.03
hnRNP.K,0.04,0.04,0.03,0.06,0.03,0.03,0.0,0.03,0.02,0.04,0.01,0.03
HPG.,0.01,0.05,0.05,0.02,0.06,0.05,0.02,0.05,0.07,0.07,0.04,0.04
HRG,0.2,0.16,0.28,0.23,0.22,0.29,0.21,0.21,0.23,0.29,0.24,0.23
IF4A3,0.07,0.08,0.05,0.05,0.1,0.1,0.08,0.08,0.1,0.1,0.06,0.04
JAK2,0.07,0.03,0.03,0.07,0.15,0.16,0.16,0.06,0.17,0.17,0.12,0.06
LG3BP,0.12,0.09,0.01,0.06,0.09,0.16,0.11,0.16,0.08,0.11,0.08,0.08
Mammaglobin.2,0.07,0.06,0.05,0.03,0.08,0.06,0.03,0.03,0.09,0.09,0.03,0.04
MMP.14,0.11,0.19,0.13,0.07,0.17,0.09,0.16,0.13,0.14,0.11,0.14,0.13
MK11,0.05,0.05,0.05,0.05,0.03,0.03,0.05,0.05,0.08,0.06,0.03,0.07
MK12,0.08,0.07,0.0,0.04,0.05,0.05,0.08,0.03,0.08,0.07,0.09,0.04
MK13,0.06,0.11,0.06,0.03,0.05,0.04,0.05,0.04,0.03,0.07,0.04,0.02
MAPK14,0.03,0.05,0.05,0.04,0.03,0.02,0.05,0.03,0.02,0.02,0.03,0.06
Mn.SOD,0.07,0.05,0.09,0.08,0.03,0.11,0.12,0.08,0.03,0.08,0.08,0.1
Moesin,0.08,0.04,0.05,0.03,0.04,0.05,0.04,0.06,0.05,0.11,0.05,0.06
PBEF,0.06,0.07,0.08,0.08,0.07,0.01,0.06,0.03,0.08,0.02,0.03,0.05
Myokinase..human,0.02,0.02,0.01,0.03,0.04,0.02,0.04,0.02,0.02,0.04,0.04,0.02
NCC27,0.06,0.1,0.09,0.07,0.06,0.1,0.08,0.06,0.04,0.06,0.04,0.05
NCK1,0.03,0.07,0.02,0.01,0.06,0.01,0.05,0.02,0.05,0.04,0.04,0.01
PAFAH,0.04,0.05,0.1,0.02,0.05,0.09,0.1,0.1,0.05,0.09,0.07,0.07
PARK7,0.11,0.11,0.15,0.06,0.06,0.09,0.07,0.07,0.08,0.05,0.06,0.06
Peroxiredoxin.5,0.07,0.11,0.08,0.09,0.09,0.06,0.03,0.02,0.07,0.05,0.03,0.03
Peroxiredoxin.6,0.05,0.05,0.04,0.06,0.02,0.02,0.05,0.04,0.03,0.03,0.03,0.02
PGP9.5,0.04,0.04,0.04,0.05,0.08,0.01,0.03,0.01,0.04,0.01,0.05,0.01
phosphoglycerate.kinase.1,0.04,0.03,0.05,0.04,0.07,0.08,0.03,0.04,0.06,0.11,0.05,0.04
PPase,0.04,0.02,0.03,0.04,0.06,0.04,0.02,0.07,0.05,0.04,0.03,0.05
PUR8,0.05,0.06,0.1,0.06,0.06,0.08,0.08,0.01,0.07,0.08,0.04,0.03
Rb,0.05,0.09,0.07,0.02,0.08,0.05,0.05,0.06,0.08,0.06,0.07,0.07
RS3,0.03,0.03,0.02,0.03,0.04,0.06,0.03,0.03,0.05,0.07,0.01,0.04
sCD163,0.07,0.03,0.03,0.05,0.07,0.09,0.05,0.07,0.06,0.07,0.03,0.09
SEPR,0.03,0.07,0.1,0.08,0.06,0.1,0.11,0.07,0.02,0.09,0.09,0.06
SIRT2,0.12,0.1,0.06,0.15,0.07,0.01,0.04,0.02,0.06,0.03,0.04,0.01
SPTA2,0.09,0.07,0.07,0.06,0.04,0.05,0.03,0.04,0.05,0.06,0.02,0.04
SSRP1,0.02,0.03,0.05,0.04,0.06,0.04,0.04,0.01,0.08,0.04,0.02,0.03
Tropomyosin.1.alpha.chain,0.05,0.05,0.02,0.04,0.02,0.01,0.04,0.03,0.08,0.02,0.04,0.04
Trypsin.2,0.09,0.12,0.12,0.11,0.11,0.12,0.1,0.09,0.11,0.14,0.12,0.13
TS,0.04,0.05,0.04,0.04,0.06,0.05,0.04,0.04,0.07,0.04,0.04,0.07
TSG.6,0.06,0.02,0.07,0.06,0.04,0.05,0.05,0.03,0.03,0.06,0.05,0.04
B7.H1,0.06,0.08,0.06,0.07,0.07,0.08,0.06,0.07,0.07,0.08,0.06,0.07
B7.H2,0.06,0.07,0.08,0.05,0.02,0.04,0.05,0.05,0.0,0.04,0.04,0.02
CD226,0.05,0.1,0.06,0.03,0.05,0.04,0.05,0.02,0.05,0.03,0.05,0.04
CD244,0.1,0.03,0.08,0.06,0.13,0.07,0.11,0.11,0.15,0.06,0.14,0.11
CD83,0.02,0.06,0.06,0.02,0.06,0.02,0.05,0.0,0.05,0.04,0.03,0.01
CLM6,0.08,0.1,0.08,0.07,0.06,0.1,0.09,0.09,0.05,0.08,0.12,0.09
CRTAM,0.02,0.01,0.01,0.03,0.04,0.0,0.04,0.01,0.04,0.01,0.05,0.01
DAF,0.02,0.06,0.04,0.09,0.04,0.02,0.02,0.05,0.04,0.06,0.02,0.04
DcR3,0.06,0.03,0.04,0.04,0.03,0.04,0.05,0.05,0.04,0.05,0.07,0.03
EPHAA,0.03,0.01,0.02,0.02,0.0,0.03,0.04,0.04,0.02,0.05,0.03,0.05
EPHB2,0.02,0.05,0.04,0.02,0.03,0.04,0.03,0.02,0.03,0.05,0.04,0.03
EphB6,0.03,0.03,0.01,0.02,0.04,0.03,0.01,0.01,0.05,0.01,0.02,0.06
GPNMB,0.14,0.07,0.09,0.13,0.13,0.14,0.13,0.17,0.14,0.16,0.14,0.18
IL.1.sR9,0.09,0.08,0.09,0.09,0.12,0.09,0.08,0.05,0.12,0.11,0.1,0.12
IL.17B.R,0.03,0.04,0.04,0.01,0.05,0.03,0.01,0.03,0.02,0.03,0.0,0.03
IL.20.Ra,0.15,0.13,0.17,0.11,0.19,0.14,0.1,0.13,0.17,0.18,0.13,0.12
IL.22BP,0.05,0.08,0.04,0.11,0.05,0.05,0.05,0.08,0.04,0.06,0.03,0.11
IL.23.R,0.07,0.1,0.05,0.07,0.12,0.1,0.1,0.08,0.11,0.09,0.09,0.1
IL.7.Ra,0.06,0.11,0.08,0.06,0.06,0.1,0.05,0.11,0.09,0.07,0.07,0.05
ILT.2,0.09,0.16,0.16,0.09,0.09,0.09,0.06,0.07,0.18,0.08,0.08,0.1
ILT.4,0.05,0.06,0.03,0.06,0.1,0.05,0.05,0.03,0.07,0.05,0.07,0.05
JAG1,0.04,0.11,0.12,0.15,0.02,0.03,0.05,0.11,0.03,0.01,0.06,0.09
JAG2,0.02,0.02,0.02,0.04,0.04,0.03,0.01,0.01,0.02,0.02,0.02,0.01
JAML1,0.06,0.1,0.09,0.03,0.02,0.0,0.03,0.02,0.03,0.02,0.03,0.07
KI2L4,0.05,0.03,0.07,0.07,0.05,0.02,0.03,0.02,0.03,0.02,0.0,0.02
KI3L2,0.03,0.06,0.06,0.03,0.04,0.01,0.06,0.03,0.05,0.03,0.03,0.01
KI3S1,0.04,0.04,0.04,0.0,0.03,0.02,0.04,0.05,0.04,0.03,0.03,0.03
KLRF1,0.01,0.03,0.05,0.04,0.02,0.04,0.01,0.03,0.02,0.01,0.04,0.07
LAG.3,0.15,0.12,0.1,0.1,0.07,0.08,0.1,0.09,0.07,0.08,0.11,0.07
LIMP.II,0.11,0.06,0.09,0.07,0.02,0.04,0.06,0.07,0.07,0.06,0.06,0.11
MICB,0.06,0.08,0.07,0.05,0.05,0.06,0.1,0.06,0.04,0.07,0.06,0.08
MO2R1,0.05,0.09,0.03,0.04,0.03,0.05,0.06,0.03,0.04,0.05,0.06,0.02
NKp46,0.06,0.1,0.07,0.04,0.03,0.07,0.06,0.06,0.09,0.02,0.04,0.09
Nogo.Receptor,0.08,0.06,0.09,0.09,0.07,0.06,0.02,0.04,0.08,0.08,0.04,0.04
NOTC2,0.08,0.14,0.13,0.1,0.05,0.06,0.06,0.1,0.06,0.04,0.08,0.1
Notch.1,0.25,0.17,0.29,0.21,0.24,0.18,0.15,0.17,0.26,0.2,0.19,0.16
Notch.3,0.03,0.05,0.02,0.05,0.03,0.06,0.04,0.04,0.03,0.05,0.03,0.05
Nr.CAM,0.06,0.01,0.03,0.0,0.03,0.03,0.03,0.03,0.02,0.04,0.04,0.03
NRX1B,0.04,0.11,0.06,0.03,0.04,0.03,0.07,0.08,0.05,0.07,0.03,0.07
NRX3B,0.08,0.12,0.09,0.1,0.09,0.14,0.13,0.14,0.14,0.11,0.16,0.09
OX2G,0.18,0.18,0.15,0.14,0.2,0.15,0.14,0.19,0.26,0.17,0.15,0.21
Prolactin.Receptor,0.12,0.05,0.06,0.04,0.07,0.07,0.1,0.05,0.08,0.08,0.08,0.05
RELT,0.14,0.13,0.07,0.13,0.06,0.07,0.14,0.06,0.11,0.08,0.13,0.06
ROBO2,0.06,0.08,0.03,0.03,0.08,0.06,0.11,0.12,0.06,0.09,0.11,0.14
ROBO3,0.11,0.11,0.14,0.12,0.15,0.08,0.08,0.05,0.16,0.08,0.08,0.05
SEM6B,0.06,0.12,0.07,0.1,0.13,0.15,0.12,0.08,0.11,0.1,0.13,0.06
Semaphorin.6A,0.06,0.1,0.05,0.07,0.07,0.1,0.09,0.08,0.1,0.07,0.09,0.13
sICAM.5,0.06,0.05,0.08,0.09,0.08,0.05,0.05,0.02,0.12,0.04,0.04,0.04
SIG14,0.03,0.02,0.01,0.04,0.09,0.07,0.04,0.02,0.05,0.06,0.03,0.03
SLAF6,0.09,0.05,0.07,0.01,0.04,0.07,0.08,0.05,0.05,0.06,0.04,0.04
SREC.I,0.11,0.13,0.1,0.12,0.06,0.07,0.07,0.07,0.02,0.06,0.05,0.08
SREC.II,0.07,0.05,0.02,0.04,0.04,0.09,0.1,0.1,0.03,0.1,0.07,0.1
TAJ,0.03,0.04,0.03,0.04,0.02,0.01,0.02,0.04,0.04,0.03,0.02,0.02
TCCR,0.06,0.05,0.04,0.1,0.07,0.06,0.05,0.06,0.09,0.03,0.03,0.06
TGF.b.R.II,0.01,0.02,0.07,0.05,0.04,0.01,0.02,0.02,0.08,0.03,0.06,0.02
TIMD3,0.07,0.05,0.03,0.08,0.01,0.01,0.03,0.06,0.02,0.03,0.03,0.05
TWEAKR,0.12,0.09,0.08,0.12,0.09,0.09,0.07,0.11,0.07,0.09,0.06,0.1
UNC5H3,0.02,0.02,0.02,0.04,0.03,0.02,0.01,0.01,0.04,0.02,0.02,0.01
UNC5H4,0.06,0.08,0.05,0.08,0.08,0.03,0.04,0.01,0.06,0.01,0.02,0.02
PDE7A,0.08,0.08,0.04,0.06,0.07,0.04,0.04,0.06,0.05,0.05,0.07,0.04
AMPK.a1b1g1,0.05,0.01,0.03,0.03,0.03,0.03,0.0,0.05,0.03,0.02,0.0,0.07
K.ras,0.08,0.06,0.07,0.11,0.06,0.07,0.05,0.08,0.04,0.01,0.06,0.07
NMT1,0.01,0.02,0.0,0.02,0.04,0.01,0.01,0.01,0.03,0.04,0.03,0.02
PDE9A,0.08,0.05,0.05,0.07,0.02,0.03,0.05,0.03,0.0,0.03,0.04,0.02
PPID,0.0,0.01,0.01,0.0,0.01,0.0,0.04,0.01,0.0,0.01,0.05,0.02
PSME3,0.04,0.02,0.05,0.04,0.01,0.05,0.06,0.09,0.02,0.06,0.04,0.06
GCKR,0.07,0.03,0.04,0.02,0.09,0.04,0.05,0.04,0.08,0.05,0.03,0.02
CK2.A1.B,0.02,0.02,0.02,0.01,0.03,0.01,0.0,0.02,0.03,0.01,0.01,0.02
CK2.A2.B,0.01,0.04,0.03,0.03,0.02,0.01,0.02,0.04,0.01,0.02,0.02,0.04
PDK1,0.05,0.04,0.07,0.04,0.07,0.05,0.02,0.03,0.09,0.05,0.03,0.03
KIF23,0.02,0.04,0.02,0.04,0.04,0.01,0.01,0.03,0.04,0.01,0.01,0.02
IMDH1,0.11,0.16,0.12,0.1,0.13,0.1,0.12,0.18,0.09,0.14,0.1,0.12
HMGR,0.05,0.05,0.04,0.02,0.01,0.03,0.02,0.01,0.05,0.01,0.05,0.02
PCSK9,0.07,0.11,0.1,0.09,0.04,0.09,0.08,0.09,0.05,0.1,0.07,0.07
NR1D1,0.01,0.07,0.04,0.07,0.05,0.02,0.0,0.01,0.02,0.01,0.03,0.02
PPIE,0.01,0.01,0.03,0.03,0.01,0.02,0.03,0.03,0.01,0.06,0.04,0.04
MP2K4,0.13,0.15,0.11,0.14,0.27,0.21,0.14,0.12,0.23,0.2,0.13,0.12
JNK2,0.05,0.09,0.06,0.04,0.01,0.06,0.06,0.02,0.01,0.03,0.11,0.05
AMPK.a2b2g1,0.06,0.06,0.01,0.02,0.01,0.01,0.05,0.04,0.01,0.02,0.03,0.03
cGMP.stimulated.PDE,0.03,0.03,0.04,0.05,0.08,0.05,0.04,0.03,0.07,0.07,0.03,0.02
Cyclophilin.F,0.0,0.01,0.01,0.01,0.01,0.0,0.02,0.0,0.02,0.02,0.01,0.01
DRAK2,0.02,0.01,0.04,0.05,0.02,0.05,0.04,0.02,0.03,0.02,0.03,0.02
IMDH2,0.04,0.04,0.06,0.05,0.05,0.03,0.01,0.02,0.04,0.05,0.01,0.01
PDE11,0.1,0.06,0.05,0.06,0.06,0.02,0.03,0.06,0.03,0.03,0.03,0.04
PDE1A,0.02,0.03,0.06,0.02,0.02,0.01,0.01,0.01,0.03,0.01,0.01,0.02
PDE3A,0.01,0.04,0.06,0.06,0.04,0.03,0.04,0.03,0.03,0.01,0.05,0.06
PDE4D,0.02,0.05,0.05,0.04,0.04,0.02,0.04,0.03,0.04,0.05,0.05,0.04
PDE5A,0.01,0.02,0.02,0.01,0.02,0.01,0.02,0.0,0.03,0.01,0.03,0.0
TAK1.TAB1,0.1,0.08,0.09,0.05,0.03,0.06,0.03,0.03,0.03,0.03,0.03,0.02
TYK2,0.03,0.02,0.04,0.03,0.07,0.04,0.04,0.05,0.03,0.0,0.02,0.03
ABL2,0.1,0.06,0.03,0.04,0.12,0.09,0.07,0.06,0.08,0.06,0.05,0.09
BCAR3,0.06,0.02,0.06,0.06,0.04,0.04,0.03,0.03,0.02,0.03,0.02,0.05
calreticulin,0.05,0.03,0.07,0.04,0.07,0.04,0.03,0.04,0.03,0.04,0.05,0.03
GRB2.related.adapter.protein.2,0.01,0.01,0.02,0.02,0.04,0.06,0.02,0.03,0.05,0.02,0.0,0.02
MMP.16,0.03,0.03,0.0,0.03,0.06,0.03,0.02,0.02,0.06,0.04,0.01,0.01
RAC3,0.0,0.02,0.01,0.0,0.01,0.01,0.02,0.0,0.03,0.03,0.01,0.02
SHC1,0.0,0.0,0.01,0.01,0.02,0.01,0.04,0.01,0.01,0.01,0.01,0.02
VAV,0.03,0.02,0.01,0.01,0.0,0.0,0.0,0.02,0.01,0.0,0.01,0.03
GHC2,0.05,0.05,0.05,0.04,0.07,0.02,0.04,0.03,0.05,0.05,0.05,0.03
Eotaxin,0.02,0.04,0.04,0.03,0.08,0.06,0.04,0.03,0.08,0.06,0.04,0.04
Coagulation.Factor.IXab,0.02,0.01,0.03,0.07,0.1,0.06,0.08,0.08,0.09,0.07,0.06,0.05
Elastase,0.04,0.02,0.04,0.01,0.03,0.06,0.01,0.02,0.02,0.03,0.0,0.01
Apo.E2,0.03,0.02,0.02,0.02,0.04,0.06,0.06,0.04,0.05,0.05,0.05,0.02
Troponin.T,0.08,0.08,0.08,0.09,0.04,0.09,0.04,0.12,0.05,0.1,0.07,0.08
Prothrombin,0.09,0.12,0.16,0.14,0.08,0.09,0.08,0.1,0.13,0.05,0.05,0.13
EGFRvIII,0.04,0.07,0.05,0.06,0.06,0.02,0.05,0.04,0.08,0.02,0.05,0.02
annexin.VI,0.01,0.04,0.02,0.03,0.04,0.03,0.07,0.05,0.03,0.03,0.04,0.02
B7.2,0.03,0.03,0.08,0.04,0.06,0.03,0.03,0.02,0.07,0.05,0.06,0.05
calgranulin.B,0.08,0.12,0.09,0.1,0.13,0.09,0.02,0.06,0.16,0.11,0.05,0.05
Caspase.10,0.08,0.07,0.06,0.06,0.06,0.03,0.05,0.03,0.03,0.01,0.04,0.03
CBPE,0.05,0.06,0.06,0.08,0.06,0.03,0.06,0.06,0.03,0.04,0.05,0.05
CKAP2,0.1,0.08,0.03,0.03,0.09,0.04,0.07,0.03,0.07,0.03,0.06,0.06
CPNE1,0.04,0.02,0.01,0.05,0.03,0.05,0.05,0.02,0.03,0.05,0.04,0.02
Cyclin.B1,0.11,0.07,0.1,0.14,0.04,0.11,0.1,0.04,0.05,0.12,0.1,0.08
DLL1,0.1,0.08,0.04,0.05,0.04,0.02,0.02,0.05,0.02,0.03,0.03,0.03
GPC6,0.03,0.09,0.06,0.02,0.04,0.02,0.05,0.02,0.03,0.03,0.02,0.03
hnRNP.A2.B1,0.01,0.02,0.03,0.01,0.03,0.04,0.05,0.01,0.04,0.04,0.03,0.01
HVEM,0.04,0.07,0.04,0.02,0.0,0.03,0.02,0.03,0.01,0.02,0.05,0.04
IL.1Ra,0.05,0.05,0.08,0.04,0.06,0.05,0.06,0.08,0.08,0.09,0.06,0.12
Keratin.18,0.02,0.01,0.05,0.03,0.07,0.01,0.08,0.03,0.02,0.03,0.05,0.03
LIGHT,0.02,0.04,0.02,0.05,0.07,0.05,0.06,0.03,0.05,0.01,0.06,0.04
MIF,0.04,0.05,0.04,0.02,0.07,0.02,0.04,0.01,0.06,0.05,0.03,0.02
NLGNX,0.04,0.05,0.01,0.02,0.0,0.04,0.04,0.01,0.02,0.02,0.04,0.04
OMD,0.06,0.05,0.05,0.06,0.04,0.06,0.07,0.05,0.05,0.02,0.08,0.07
PIM1,0.03,0.03,0.04,0.03,0.02,0.06,0.03,0.02,0.03,0.1,0.05,0.05
PKB.beta,0.03,0.03,0.06,0.03,0.04,0.04,0.06,0.08,0.03,0.06,0.04,0.04
Semaphorin.3E,0.04,0.07,0.08,0.08,0.06,0.05,0.05,0.04,0.03,0.02,0.03,0.05
SET,0.06,0.14,0.08,0.09,0.1,0.09,0.06,0.06,0.11,0.06,0.01,0.07
BAFF.Receptor,0.04,0.02,0.05,0.05,0.08,0.04,0.03,0.06,0.07,0.06,0.06,0.0
BRF.1,0.09,0.08,0.05,0.07,0.06,0.03,0.06,0.04,0.05,0.03,0.02,0.03
Fas..soluble,0.06,0.08,0.12,0.06,0.03,0.02,0.04,0.03,0.03,0.06,0.02,0.04
sLeptin.R,0.09,0.03,0.05,0.08,0.08,0.05,0.03,0.02,0.1,0.06,0.03,0.08
DR6,0.05,0.12,0.08,0.03,0.04,0.05,0.04,0.07,0.03,0.09,0.06,0.05
CAD15,0.03,0.02,0.0,0.01,0.01,0.02,0.02,0.02,0.02,0.03,0.02,0.03
CD27,0.07,0.06,0.07,0.06,0.05,0.19,0.09,0.19,0.05,0.07,0.16,0.14
RANK,0.04,0.02,0.06,0.04,0.0,0.03,0.03,0.01,0.02,0.01,0.02,0.03
SHPS1,0.03,0.03,0.04,0.08,0.05,0.04,0.02,0.06,0.05,0.08,0.02,0.06
FABP,0.22,0.13,0.21,0.19,0.16,0.24,0.13,0.2,0.21,0.18,0.13,0.21
Troponin.I..skeletal..fast.twitch,0.05,0.11,0.07,0.05,0.08,0.06,0.03,0.02,0.06,0.03,0.04,0.04
Troponin.I,0.08,0.09,0.07,0.03,0.06,0.08,0.08,0.12,0.05,0.07,0.05,0.11
ANP,0.03,0.03,0.05,0.06,0.1,0.03,0.03,0.04,0.07,0.04,0.03,0.01
ALCAM,0.12,0.07,0.08,0.1,0.08,0.12,0.1,0.08,0.05,0.11,0.15,0.11
ASGR1,0.1,0.07,0.07,0.09,0.12,0.12,0.08,0.14,0.1,0.11,0.09,0.15
CNDP1,0.06,0.1,0.07,0.05,0.1,0.03,0.05,0.07,0.07,0.06,0.07,0.1
COLEC12,0.06,0.06,0.07,0.05,0.04,0.09,0.09,0.04,0.07,0.08,0.1,0.05
CYTN,0.12,0.07,0.05,0.04,0.04,0.05,0.09,0.04,0.02,0.05,0.1,0.06
DEAD.box.protein.19B,0.03,0.06,0.05,0.03,0.01,0.05,0.05,0.05,0.02,0.02,0.07,0.02
Ficolin.3,0.06,0.05,0.06,0.06,0.04,0.05,0.07,0.06,0.01,0.02,0.06,0.11
GAS1,0.05,0.07,0.05,0.08,0.02,0.06,0.04,0.08,0.01,0.07,0.05,0.09
GRB2.adapter.protein,0.01,0.02,0.01,0.0,0.01,0.0,0.01,0.01,0.0,0.0,0.0,0.0
H6ST1,0.05,0.02,0.04,0.05,0.04,0.06,0.06,0.05,0.01,0.06,0.04,0.02
HSP.90b,0.04,0.04,0.06,0.04,0.02,0.01,0.04,0.05,0.03,0.02,0.02,0.04
IL.17.RC,0.05,0.0,0.04,0.09,0.09,0.04,0.02,0.05,0.07,0.05,0.02,0.07
MED.1,0.06,0.09,0.07,0.05,0.06,0.05,0.07,0.09,0.05,0.05,0.05,0.07
PKC.B.II,0.0,0.0,0.0,0.0,0.0,0.0,0.0,0.02,0.0,0.0,0.0,0.01
PKC.G,0.01,0.04,0.03,0.03,0.02,0.03,0.02,0.01,0.01,0.02,0.03,0.0
PSMA,0.14,0.14,0.11,0.12,0.09,0.07,0.08,0.08,0.03,0.09,0.13,0.07
RANTES,0.04,0.0,0.01,0.04,0.01,0.01,0.01,0.0,0.01,0.0,0.01,0.01
RASA1,0.13,0.12,0.12,0.09,0.12,0.07,0.06,0.06,0.13,0.09,0.04,0.04
RBP,0.06,0.11,0.05,0.07,0.16,0.07,0.06,0.03,0.18,0.11,0.04,0.03
RGMA,0.07,0.06,0.09,0.04,0.06,0.09,0.05,0.06,0.06,0.07,0.05,0.07
RS3A,0.04,0.05,0.04,0.08,0.06,0.06,0.03,0.07,0.06,0.04,0.02,0.07
sICAM.2,0.11,0.06,0.06,0.08,0.13,0.06,0.15,0.06,0.12,0.08,0.05,0.08
SLAF7,0.1,0.14,0.13,0.1,0.14,0.1,0.13,0.07,0.15,0.1,0.13,0.09
SRCN1,0.01,0.01,0.01,0.0,0.0,0.0,0.02,0.01,0.0,0.0,0.03,0.01
Stress.induced.phosphoprotein.1,0.03,0.03,0.02,0.0,0.05,0.0,0.02,0.02,0.04,0.0,0.02,0.02
Testican.1,0.04,0.07,0.06,0.07,0.02,0.02,0.03,0.04,0.04,0.02,0.02,0.03
Testican.2,0.04,0.09,0.06,0.1,0.04,0.05,0.01,0.01,0.04,0.04,0.03,0.02
WNK3,0.0,0.0,0.02,0.04,0.01,0.01,0.02,0.01,0.03,0.0,0.01,0.03
RUXF,0.07,0.02,0.06,0.02,0.0,0.02,0.04,0.02,0.01,0.02,0.02,0.05
Cathepsin.D,0.14,0.17,0.18,0.19,0.14,0.1,0.08,0.11,0.18,0.06,0.1,0.14
EGF,0.05,0.07,0.09,0.07,0.08,0.05,0.07,0.05,0.05,0.05,0.06,0.03
GITR,0.04,0.04,0.03,0.02,0.07,0.02,0.02,0.02,0.06,0.03,0.05,0.05
bFGF.R,0.05,0.05,0.04,0.04,0.04,0.06,0.03,0.04,0.05,0.06,0.04,0.06
TRAIL.R2,0.05,0.03,0.06,0.07,0.01,0.04,0.06,0.09,0.01,0.03,0.08,0.1
NRP1,0.03,0.08,0.09,0.07,0.05,0.05,0.12,0.18,0.08,0.05,0.06,0.18
AFP,0.07,0.08,0.13,0.08,0.13,0.16,0.14,0.16,0.11,0.16,0.16,0.14
BID,0.24,0.27,0.24,0.19,0.3,0.3,0.22,0.24,0.27,0.3,0.21,0.22
b.NGF,0.07,0.04,0.05,0.08,0.05,0.09,0.07,0.05,0.05,0.09,0.06,0.03
C3d,0.04,0.08,0.09,0.08,0.07,0.04,0.03,0.04,0.05,0.05,0.06,0.05
CD70,0.07,0.08,0.1,0.09,0.12,0.1,0.13,0.08,0.15,0.09,0.07,0.11
Cripto,0.12,0.11,0.14,0.13,0.14,0.06,0.07,0.06,0.11,0.08,0.06,0.06
Epo,0.07,0.07,0.05,0.06,0.12,0.05,0.04,0.03,0.16,0.07,0.04,0.05
GDNF,0.03,0.04,0.09,0.02,0.03,0.03,0.06,0.03,0.03,0.02,0.06,0.04
IFN.g.R1,0.06,0.04,0.1,0.06,0.01,0.03,0.01,0.04,0.01,0.01,0.02,0.04
IL.9,0.09,0.09,0.09,0.14,0.09,0.06,0.05,0.02,0.06,0.06,0.03,0.04
LIF.sR,0.06,0.08,0.14,0.11,0.07,0.07,0.11,0.06,0.05,0.11,0.08,0.1
NG36,0.04,0.03,0.05,0.03,0.07,0.06,0.04,0.01,0.11,0.05,0.05,0.04
Noggin,0.14,0.15,0.13,0.14,0.11,0.13,0.13,0.11,0.14,0.13,0.12,0.09
S100A12,0.25,0.33,0.29,0.32,0.12,0.14,0.12,0.12,0.11,0.09,0.1,0.12
tau,0.02,0.03,0.03,0.01,0.04,0.02,0.01,0.03,0.05,0.03,0.02,0.0
X14.3.3.protein.zeta.delta,0.0,0.0,0.0,0.0,0.01,0.0,0.0,0.0,0.03,0.01,0.0,0.0
X3HAO,0.21,0.17,0.2,0.18,0.18,0.19,0.15,0.16,0.24,0.19,0.14,0.13
aldolase.A,0.07,0.05,0.05,0.02,0.07,0.09,0.09,0.07,0.07,0.08,0.09,0.08
ARGI1,0.11,0.07,0.07,0.07,0.09,0.13,0.12,0.17,0.08,0.15,0.11,0.17
BAD,0.0,0.01,0.01,0.0,0.0,0.01,0.01,0.03,0.0,0.01,0.04,0.02
Dynactin.subunit.2,0.05,0.03,0.05,0.05,0.05,0.07,0.03,0.03,0.09,0.09,0.04,0.03
EF.1.beta,0.0,0.03,0.01,0.02,0.0,0.02,0.03,0.0,0.0,0.02,0.04,0.01
eIF.4H,0.03,0.03,0.02,0.02,0.0,0.01,0.02,0.02,0.03,0.01,0.03,0.01
eIF.5A.1,0.0,0.02,0.01,0.0,0.01,0.01,0.0,0.0,0.01,0.01,0.0,0.01
Gastrin.releasing.peptide,0.02,0.04,0.05,0.04,0.03,0.05,0.04,0.03,0.01,0.04,0.01,0.03
HINT1,0.04,0.04,0.02,0.05,0.01,0.02,0.01,0.01,0.03,0.03,0.01,0.01
HSP70.protein.8,0.04,0.05,0.04,0.03,0.03,0.02,0.04,0.02,0.06,0.04,0.05,0.04
Nucleoside.diphosphate.kinase.A,0.1,0.1,0.08,0.08,0.07,0.1,0.06,0.1,0.09,0.09,0.06,0.14
PEX5,0.04,0.02,0.03,0.06,0.02,0.0,0.01,0.01,0.06,0.01,0.04,0.03
PSME1,0.01,0.01,0.03,0.04,0.01,0.01,0.01,0.03,0.01,0.02,0.02,0.02
S100A7,0.06,0.09,0.07,0.04,0.1,0.1,0.08,0.07,0.08,0.11,0.07,0.09
WISP.3,0.01,0.02,0.06,0.03,0.03,0.04,0.06,0.07,0.05,0.05,0.01,0.03
Ferritin,0.04,0.05,0.1,0.06,0.06,0.07,0.04,0.03,0.02,0.04,0.02,0.05
TNF.a,0.05,0.07,0.07,0.1,0.04,0.03,0.03,0.06,0.07,0.05,0.09,0.05
TWEAK,0.12,0.06,0.07,0.07,0.03,0.09,0.08,0.05,0.03,0.06,0.07,0.06
Tpo,0.08,0.11,0.08,0.06,0.03,0.04,0.06,0.04,0.03,0.05,0.06,0.03
PTH,0.12,0.14,0.06,0.07,0.11,0.14,0.08,0.08,0.09,0.13,0.06,0.06
Somatostatin.28,0.07,0.11,0.07,0.11,0.06,0.14,0.14,0.09,0.06,0.13,0.12,0.09
MP2K3,0.03,0.03,0.03,0.03,0.03,0.04,0.02,0.04,0.05,0.05,0.01,0.06
p53,0.07,0.09,0.14,0.14,0.03,0.01,0.02,0.04,0.04,0.0,0.01,0.05
PolyUbiquitin.K48,0.04,0.09,0.07,0.06,0.07,0.06,0.05,0.04,0.04,0.04,0.04,0.06
PolyUbiquitin.K63,0.05,0.06,0.05,0.09,0.05,0.05,0.09,0.07,0.04,0.04,0.1,0.06
NET1,0.06,0.09,0.05,0.05,0.03,0.02,0.04,0.05,0.02,0.03,0.06,0.06
CD47,0.06,0.07,0.06,0.06,0.12,0.11,0.08,0.05,0.1,0.09,0.07,0.06
ANK2,0.04,0.04,0.05,0.05,0.05,0.04,0.04,0.03,0.04,0.06,0.05,0.06
X14.3.3.protein.theta,0.07,0.04,0.07,0.03,0.02,0.01,0.01,0.03,0.02,0.01,0.02,0.05
CREL1,0.1,0.15,0.13,0.08,0.12,0.09,0.07,0.07,0.1,0.07,0.07,0.06
Lectin..mannose.binding.2,0.04,0.05,0.08,0.08,0.02,0.09,0.08,0.04,0.01,0.03,0.06,0.06
LRP1B,0.05,0.09,0.05,0.07,0.02,0.04,0.06,0.05,0.01,0.04,0.06,0.06
MYPC1,0.03,0.05,0.03,0.07,0.03,0.08,0.02,0.04,0.02,0.04,0.05,0.06
N.terminal.pro.BNP,0.07,0.09,0.08,0.04,0.08,0.01,0.03,0.07,0.05,0.02,0.04,0.05
Tropomyosin.4,0.0,0.0,0.0,0.0,0.0,0.0,0.0,0.0,0.0,0.0,0.0,0.0
PACAP.27,0.09,0.03,0.05,0.02,0.1,0.05,0.04,0.05,0.09,0.04,0.02,0.07
ghrelin,0.07,0.05,0.07,0.05,0.1,0.06,0.1,0.07,0.08,0.08,0.07,0.09
PACAP.38,0.06,0.04,0.05,0.01,0.02,0.02,0.01,0.03,0.03,0.02,0.05,0.05
a.Synuclein,0.05,0.01,0.02,0.07,0.02,0.03,0.04,0.01,0.04,0.01,0.05,0.01
BMP.6,0.06,0.06,0.04,0.04,0.02,0.04,0.11,0.07,0.01,0.01,0.08,0.07
HGH,0.1,0.11,0.04,0.11,0.16,0.12,0.08,0.06,0.17,0.13,0.09,0.05
SOD3,0.08,0.13,0.05,0.04,0.02,0.04,0.06,0.05,0.04,0.04,0.06,0.03
RSPO4,0.08,0.05,0.06,0.05,0.08,0.14,0.1,0.12,0.09,0.11,0.12,0.17
Cathepsin.H,0.1,0.09,0.05,0.08,0.02,0.02,0.03,0.01,0.05,0.02,0.05,0.08
Activin.AB,0.17,0.14,0.17,0.18,0.14,0.13,0.13,0.07,0.19,0.14,0.08,0.09
PSA,0.03,0.02,0.05,0.04,0.05,0.04,0.03,0.05,0.07,0.07,0.0,0.04
IGFBP.2,0.19,0.13,0.09,0.17,0.07,0.04,0.03,0.05,0.09,0.04,0.01,0.02
RNase.H1,0.06,0.06,0.04,0.01,0.03,0.04,0.05,0.08,0.02,0.04,0.01,0.05
ROR1,0.06,0.12,0.11,0.09,0.07,0.07,0.08,0.1,0.07,0.08,0.07,0.07
CgA,0.03,0.02,0.05,0.05,0.04,0.03,0.06,0.02,0.07,0.05,0.06,0.06
MMP.10,0.1,0.09,0.11,0.09,0.12,0.1,0.09,0.05,0.14,0.08,0.03,0.09
FBLN3,0.06,0.07,0.14,0.04,0.03,0.04,0.05,0.06,0.03,0.05,0.11,0.05
Leptin,0.02,0.02,0.04,0.02,0.03,0.05,0.07,0.05,0.03,0.04,0.04,0.1
KEAP1,0.06,0.1,0.04,0.08,0.03,0.07,0.05,0.02,0.06,0.06,0.05,0.08
gpIIbIIIa,0.12,0.11,0.14,0.14,0.07,0.1,0.12,0.13,0.07,0.09,0.12,0.1
Eotaxin.3,0.1,0.12,0.03,0.05,0.07,0.08,0.08,0.1,0.04,0.05,0.07,0.04
SUMO3,0.02,0.02,0.04,0.01,0.0,0.0,0.03,0.02,0.01,0.0,0.03,0.05
IL.17,0.13,0.07,0.02,0.03,0.05,0.03,0.05,0.09,0.02,0.04,0.04,0.05
CSRP3,0.04,0.06,0.02,0.02,0.03,0.03,0.01,0.0,0.05,0.02,0.04,0.01
MMP.8,0.1,0.09,0.08,0.03,0.04,0.07,0.08,0.05,0.06,0.09,0.08,0.09
PGM1,0.02,0.02,0.03,0.04,0.02,0.04,0.01,0.03,0.04,0.02,0.03,0.05
DSCAM,0.09,0.03,0.06,0.05,0.04,0.03,0.1,0.07,0.04,0.05,0.08,0.06
MUC1,0.08,0.12,0.12,0.14,0.06,0.08,0.1,0.07,0.08,0.07,0.08,0.05
FAM3B,0.13,0.12,0.07,0.11,0.1,0.14,0.11,0.15,0.09,0.09,0.12,0.11
NEUREGULIN.1,0.04,0.03,0.02,0.02,0.03,0.01,0.04,0.05,0.03,0.01,0.06,0.04
INGR2,0.07,0.07,0.06,0.05,0.05,0.06,0.04,0.04,0.08,0.06,0.06,0.04
sLRP1,0.04,0.05,0.04,0.02,0.02,0.02,0.01,0.02,0.02,0.02,0.03,0.02
IFN.a.b.R1,0.06,0.08,0.04,0.07,0.04,0.06,0.03,0.03,0.04,0.08,0.06,0.06
TFF1,0.02,0.04,0.04,0.02,0.02,0.07,0.06,0.06,0.04,0.04,0.06,0.05
HMGN1,0.09,0.05,0.09,0.09,0.02,0.12,0.05,0.09,0.02,0.12,0.07,0.1
MIG,0.08,0.11,0.08,0.09,0.1,0.11,0.05,0.07,0.13,0.08,0.04,0.07
CD63,0.05,0.03,0.06,0.03,0.02,0.02,0.01,0.02,0.01,0.03,0.03,0.02
Trefoil.factor.2,0.08,0.09,0.11,0.11,0.05,0.05,0.05,0.08,0.09,0.08,0.03,0.04
Galectin.7,0.11,0.12,0.14,0.17,0.06,0.04,0.09,0.17,0.05,0.08,0.1,0.08
LEG9,0.08,0.13,0.03,0.06,0.07,0.1,0.06,0.06,0.04,0.09,0.09,0.09
UB2G2,0.0,0.04,0.06,0.02,0.06,0.02,0.01,0.05,0.06,0.0,0.01,0.03
Transgelin.2,0.07,0.04,0.08,0.04,0.04,0.02,0.07,0.05,0.03,0.02,0.04,0.05
ATPO,0.03,0.08,0.05,0.07,0.04,0.03,0.04,0.04,0.02,0.02,0.02,0.05
Corticotropin.lipotropin,0.04,0.0,0.01,0.02,0.03,0.02,0.05,0.04,0.05,0.02,0.03,0.04
QORL1,0.11,0.1,0.08,0.11,0.1,0.08,0.05,0.06,0.09,0.07,0.06,0.06
PEDF,0.09,0.04,0.06,0.03,0.04,0.03,0.06,0.04,0.05,0.03,0.05,0.03
CATF,0.08,0.06,0.04,0.09,0.04,0.0,0.09,0.03,0.05,0.02,0.06,0.05
FTCD,0.07,0.11,0.1,0.07,0.06,0.04,0.05,0.05,0.03,0.05,0.01,0.07
UBP25,0.08,0.05,0.02,0.01,0.04,0.03,0.02,0.04,0.02,0.04,0.01,0.01
PLXB2,0.66,0.64,0.57,0.62,0.59,0.65,0.7,0.63,0.62,0.64,0.65,0.66
